-- phpMyAdmin SQL Dump
-- version 5.2.1
-- https://www.phpmyadmin.net/
--
-- Host: 127.0.0.1
-- Generation Time: Apr 24, 2023 at 04:32 AM
-- Server version: 10.4.28-MariaDB
-- PHP Version: 8.2.4

SET SQL_MODE = "NO_AUTO_VALUE_ON_ZERO";
START TRANSACTION;
SET time_zone = "+00:00";


/*!40101 SET @OLD_CHARACTER_SET_CLIENT=@@CHARACTER_SET_CLIENT */;
/*!40101 SET @OLD_CHARACTER_SET_RESULTS=@@CHARACTER_SET_RESULTS */;
/*!40101 SET @OLD_COLLATION_CONNECTION=@@COLLATION_CONNECTION */;
/*!40101 SET NAMES utf8mb4 */;

--
-- Database: `broadwayshows`
--

-- --------------------------------------------------------

--
-- Table structure for table `cast_and_crew`
--

CREATE TABLE `cast_and_crew` (
  `Name` varchar(50) NOT NULL,
  `SSN` varchar(15) NOT NULL,
  `Working_Position` varchar(255) DEFAULT NULL,
  `Show_ID` int(11) DEFAULT NULL,
  `Theater_ID` int(11) DEFAULT NULL,
  `Gender` varchar(100) DEFAULT NULL
) ENGINE=InnoDB DEFAULT CHARSET=utf8mb4 COLLATE=utf8mb4_general_ci;

--
-- Dumping data for table `cast_and_crew`
--

INSERT INTO `cast_and_crew` (`Name`, `SSN`, `Working_Position`, `Show_ID`, `Theater_ID`, `Gender`) VALUES
('Ziemann Rowland', '002460119', 'Actor', 501, 701, 'Male'),
('Goldner Roberta', '002843313', 'Stage Manager', 501, 701, 'Female'),
('Champlin Olga', '003123550', 'Sound Designer', 501, 701, 'Female'),
('Will Haley	', '003694785', 'Actor', 501, 701, 'Male'),
('Sawayn Mckenzie', '005302994', 'Actor', 525, 725, 'Male'),
('Blanda Heather', '006763958', 'Stage Hand', 502, 702, 'Female'),
('Smith Owen	', '006800475', 'Stage Hand', 501, 701, 'Male'),
('Schuster Cristina', '006985432', 'Actor', 501, 701, 'Male'),
('Klocko Pat	', '008074489', 'Actor', 509, 709, 'Female'),
('Rodriguez Ottilie', '008094489', 'Actor', 509, 709, 'Female'),
('Yost Dayana', '0114569878', 'Stage Hand', 507, 707, 'Female'),
('Boyer Shane', '011569847', 'Stage Hand', 508, 708, 'Male'),
('Carter Ladarius', '011986355', 'Actor', 507, 707, 'Male'),
('Kiehn Reta', '022522577', 'Director', 501, 701, 'Female'),
('Krajcik Alyce	', '022668745', 'Stage Manager ', 506, 706, 'Female'),
('Heaney Vincent	', '022668943', 'Assistant Director', 507, 707, 'Male'),
('Herzog Rubye	', '022698457', 'Stage Hand', 506, 706, 'Female'),
('Romaguera Jonas', '029545648', 'Actor', 523, 723, 'Male'),
('Blick Matilda	', '0335497856', 'Costume Designer', 507, 707, 'Female'),
('White Julius	', '033659887', 'Actor', 505, 705, 'Male'),
('Goodwin Delfina	', '033669852', 'Stage Manager', 507, 707, 'Female'),
('Watsica Xavier	', '033695784', 'Actor', 501, 701, 'Male'),
('Lehner Abel	', '033698745', 'Stage Hand', 506, 706, 'Male'),
('Watsica Delta', '035648896', 'Actor', 507, 707, 'Non-Binary'),
('McClure Kira', '037360428', 'Stage Manager', 522, 722, 'Female'),
('Vandervort Larue', '039568590', 'Actor', 501, 701, 'Male'),
('White Julius	', '0445698674', 'Stage Hand', 506, 706, 'Male'),
('Yost Roderick	', '0448965741', 'Sound Designer', 507, 707, 'Male'),
('Kreiger Torey	', '044983574', 'Stage Hand', 507, 707, 'Male'),
('Gusikowski Bernadine', '056985648', 'Actor', 505, 705, 'Female'),
('Lehner Abel	', '066598874', 'Actor', 505, 705, 'Male'),
('Schoen Mathew', '066778456', 'Actor', 507, 707, 'Male'),
('Stoltenberg Watson	', '066874155', 'Assistant Stage Designer', 507, 707, 'Male'),
('Rippin Shanie', '066889457', 'Sound Designer', 507, 707, 'Female'),
('Howe Vince', '066974451', 'Stage Hand', 507, 707, 'Male'),
('Weissnat Dashawn', '0669874523', 'Actor', 507, 707, 'Male'),
('Kessler Florence	', '066987456', 'Sound Designer', 506, 706, 'Female'),
('Crist Gunner', '066987564', 'Stage Hand', 508, 708, 'Male'),
('Renner Demond', '077063070', 'Stage Hand', 523, 723, 'Male'),
('Emard Tyreek', '090876789', 'Actor', 521, 721, 'Male'),
('Langosh Dessie', '090987898', 'Actor', 520, 720, 'Female'),
('Barrows Pedro', '099864722', 'Stage Hand', 507, 707, 'Male'),
('Fay Jena', '106489302', 'Assistant Stage Designer', 523, 723, 'Female'),
('Keebler Cicero', '108074489', 'Director', 510, 710, 'Male'),
('Luettgen Tessie', '108074570', 'Actor', 510, 710, 'Female '),
('Ebert Eino	', '108074666', 'Actor', 510, 710, 'Male'),
('McCullough Bessie	', '108074667', 'Actor', 510, 710, 'Female'),
('Aufderhar Stephany	', '108075477', 'Sound Designer', 510, 710, 'Non-Binary'),
('Howell Jesse	', '108075480', 'Stage Manager ', 510, 710, 'Male'),
('Heaney Wyatt	', '108075482', 'Costume Designer', 510, 710, 'Male'),
('Runolfsdottir Bernardo	', '108075487', 'Costumes Designer', 510, 710, 'Male'),
('Runolfsdottir Chase	', '108075489', 'Assistant Director', 510, 710, 'Male'),
('Huels Ulises	', '108087767', 'Actor', 510, 710, 'Male'),
('Ferry Jessica	', '108088667', 'Actor', 510, 710, 'Female'),
('White Clinton', '109980817', 'Actor', 510, 710, 'Male'),
('Pagac Walter', '109987117', 'Actor', 510, 710, 'Male'),
('Fahey Schuyler', '109987767', 'Actor', 510, 710, 'Male'),
('Mann Jon	', '109988817', 'Actor', 510, 710, 'Male'),
('Boyer Cynthia', '111111111', 'Actor', 520, 720, 'Female'),
('Kohler Rosalyn', '112343123', 'Actor', 526, 726, 'Male'),
('Volkman Romaine', '112645327', 'Stage Hand', 517, 717, 'Female'),
('Collier Elaina	', '118074501', 'Stage Hand', 510, 710, 'Female'),
('Parisian Desiree	', '118074570', 'Assistant Stage Designer', 510, 710, 'Female '),
('Effertz Ansel	', '118074577', 'Sound Designer', 510, 710, 'Male'),
('OConner Lenny', '118075444', 'Stage Hand', 510, 710, 'Male'),
('Kunze Sophie	', '118075477', 'Sound Designer', 510, 710, 'Non-Binary'),
('Daniel Freda	', '118075500', 'Stage Hand', 510, 710, 'Female'),
('McClure Ova	', '118075501', 'Stage Hand', 510, 710, 'Female'),
('Heller Neil	', '118075555', 'Stage Hand', 510, 710, 'Male'),
('Torphy Vicenta', '123450957', 'Stage Manager', 516, 716, 'Female'),
('Schoen Isabella', '123456543', 'Actor', 521, 721, 'Female'),
('Stracke Shane', '123456709', 'Assistant Director', 516, 716, 'Male'),
('Wolff Noemi', '123456765', 'Sound Designer ', 518, 718, 'Female'),
('Rippin Federico', '123543623', 'Actor', 517, 717, 'Male'),
('Quitzon Lavada', '126783789', 'Actor', 517, 717, 'Female'),
('Lang Ron', '128403845', 'Stage Hand', 517, 717, 'Male'),
('Kunze Jalen', '129457293', 'Costume Designer', 517, 717, 'Male'),
('Conner Aman', '137868521', 'Actor', 525, 725, 'Non-Binary'),
('Hahn Georgianna', '154055877', 'Stage Hand', 502, 702, 'Female'),
('Langosh Tina	', '168981655', 'Stage Hand', 501, 701, 'Female'),
('Pouros Curt', '173908075', 'Stage Hand', 517, 717, 'Male'),
('Walsh Laron', '173947294', 'Assistant Director', 517, 717, 'Male'),
('Hilpert Jackson', '183748763', 'Actor', 517, 717, 'Male'),
('Wisoky Akeem', '185523932', 'Director', 524, 724, 'Male'),
('Mraz Cora', '186802357', 'Actor', 523, 723, 'Female'),
('Hoppe Elaina	', '211326625', 'Stage Hand', 501, 701, 'Female'),
('Breitenberg Erin', '217478093', 'Actor', 524, 724, 'Male'),
('Franecki Shannon', '218181639', 'Stage Manager', 522, 722, 'Female'),
('Strosin Gustave', '218467375', 'Director', 523, 723, 'Non-Binary'),
('Zemlak Lenora', '221386818', 'Actor', 524, 724, 'Female'),
('Cronin Jevon', '222058198', 'Actor', 524, 724, 'Male'),
('Zboncak Scotty', '222083011', 'Director', 521, 721, 'Male'),
('Stiedemann Iva', '222110244', 'Costume Designer', 523, 723, 'Female'),
('Grady Terry', '223736785', 'Actor', 524, 724, 'Male'),
('Cassin Leonardo', '224149875', 'Director', 502, 702, 'Male'),
('Schmitt Berneice', '226895775', 'Sound Designer', 523, 723, 'Female'),
('Armstrong Meta', '231535387', 'Actor', 525, 725, 'Female'),
('Ullrich Carlee	', '231763221', 'Stage Hand', 501, 701, 'Female'),
('Homenick Briana', '234534635', 'Costume Designer', 518, 718, 'Female'),
('Hettinger Rubie	', '234555702', 'Stage Hand', 501, 701, 'Non-Binary'),
('Larkin Doug', '235141346', 'Actor', 523, 723, 'Male'),
('Hagenes Jayce	', '242117511', 'Stage Hand', 501, 701, 'Male'),
('Bahringer Cristian	', '251408819', 'Actor', 501, 701, 'Male'),
('Schaefer Katheryn', '267900890', 'Actor', 521, 721, 'Female'),
('Hand Claude', '273986384', 'Sound Designer ', 517, 717, 'Male'),
('Sanford Lavern', '274998609', 'Director', 522, 722, 'Male'),
('Schumm Margarette', '287643769', 'Stage Manager', 525, 725, 'Female'),
('Rolfson Alberta', '289900205', 'Costume Designer', 525, 725, 'Female'),
('Schroeder Angelica', '291104222', 'Actor', 523, 723, 'Female'),
('Reichel Donnie', '293746193', 'Stage Manager', 517, 717, 'Male'),
('Schimmel Marilie', '295885534', 'Costume Designer', 501, 701, 'Female'),
('Von Lonzo', '303382767', 'Assistant Director', 523, 723, 'Male'),
('Stanton Hubert	', '311337669', 'Actor', 501, 701, 'Male'),
('Towne Kaela', '314019876', 'Actor', 522, 722, 'Female'),
('Leuschke Mitchell', '324981479', 'Assistant Director', 502, 702, 'Male'),
('McKenzie Jadyn', '345236546', 'Stage Hand', 518, 718, 'Female'),
('Bechtelar Mara', '345245654', 'Costume Designer', 520, 720, 'Female'),
('Lehner Alba', '345276432', 'Actor', 519, 719, 'Female'),
('Olson Aiden', '345643567', 'Actor', 517, 717, 'Male'),
('Harris Dexter', '345876123', 'Actor', 519, 719, 'Male'),
('Roberts Rosario', '352736527', 'Stage Hand', 518, 718, 'Male'),
('Orn Lorenzo', '354268390', 'Assistant Stage Designer', 519, 719, 'Male'),
('Weimann Sunny', '356287356', 'Costume Designer', 519, 719, 'Female'),
('Kuhlman Lori', '356445678', 'Assistant Stage Designer', 518, 718, 'Female'),
('Bergstrom Bailee', '356654356', 'Stage Hand', 519, 719, 'Female'),
('Frami Wilton', '356789789', 'Director', 520, 720, 'Male'),
('Ullrich Pansy', '356890098', 'Actor', 519, 719, 'Female'),
('Wisozk Enid', '356907636', 'Sound Designer ', 526, 726, 'Male'),
('Pacocha Ewald', '357123789', 'Actor', 519, 719, 'Male'),
('Weimann Myah', '357234567', 'Actor', 518, 718, 'Female'),
('Emmerich Oceane', '357923567', 'Stage Hand', 521, 721, 'Female'),
('Fahey Guiseppe', '357987567', 'Actor', 520, 720, 'Male'),
('Denesik Duane', '3628274532', 'Stage Hand', 518, 718, 'Female'),
('Graham Jany', '362830487', 'Stage Hand', 517, 717, 'Female'),
('Hermiston Olga', '362946543', 'Sound Designer ', 517, 717, 'Female'),
('Ruecker Freeda', '364897389', 'Actor', 518, 718, 'Female'),
('Walter Corene', '365389098', 'Actor', 519, 719, 'Female'),
('Pollich Lane	', '365984785', 'Director', 508, 708, 'Male'),
('Kuhic Price', '367098689', 'Stage Manager', 526, 726, 'Male'),
('Renner Deshawn', '367123567', 'Actor', 520, 720, 'Male'),
('Bailey Name', '367298765', 'Actor', 518, 718, 'Female'),
('Fritsch Walker', '367456765', 'Stage Hand', 520, 720, 'Male'),
('Morissette Franco', '367678098', 'Director', 516, 716, 'Male'),
('Ondricka Clyde', '367864789', 'Actor', 526, 726, 'Male'),
('Fritsch Thelma', '367888888', 'Stage Hand', 521, 721, 'Female'),
('Berge Napoleon', '367909678', 'Stage Hand', 526, 726, 'Male'),
('Macejkovic Candida', '367909878', 'Costume Designer', 521, 721, 'Female'),
('Boehm Anahi', '367936389', 'Actor', 521, 721, 'Female'),
('Haley Arne', '367970009', 'Stage Hand', 521, 721, 'Male'),
('Ankunding Linwood', '367976457', 'Stage Hand', 520, 720, 'Male'),
('Cruickshank Helmer', '367976565', 'Stage Hand', 526, 726, 'Female'),
('Kling Lucius', '367986356', 'Stage Hand', 519, 719, 'Male'),
('Roob Fletcher', '367987567', 'Actor', 521, 721, 'Male'),
('O Reilly Maggie', '367987897', 'Assistant Director', 520, 720, 'female'),
('Senger Foster', '368096789', 'Stage Hand', 521, 721, 'Male'),
('Schowalter Jake', '368989890', 'Stage Manager', 520, 720, 'Male'),
('Maggio Parker', '369529218', 'Sound Designer', 524, 724, 'Male'),
('Denesik Zakary', '372048765', 'Stage Hand', 517, 717, 'Male'),
('Rippin Federico', '3748209476', 'Actor', 517, 717, 'Female'),
('Kuvalis Garth', '374987654', 'Actor', 517, 717, 'Male'),
('Hahn Elvera', '376389098', 'Sound Designer ', 519, 719, 'Female'),
('Zulauf Kamille', '376488891', 'Actor', 524, 724, 'Female'),
('Koss London', '377777775', 'Sound Designer ', 521, 721, 'Male'),
('Erdman Jennyfer', '378048579', 'Sound Designer ', 516, 716, 'Female'),
('Dooley Josefa', '3780908789', 'Costume Designer', 526, 726, 'Female'),
('Harris Kirstin', '378123679', 'Actor', 521, 721, 'Female'),
('Stoltenberg Payton', '378920398', 'Actor', 526, 726, 'Male'),
('Cruickshank Helmer', '379000868', 'Stage Hand', 526, 726, 'Male'),
('Torphy Juanita', '379123456', 'Assistant Director', 526, 726, 'Female'),
('Rolfson Melvin', '389409878', 'Stage Hand', 516, 716, 'Male'),
('Kutch Edmond', '389687654', 'Stage Hand', 516, 716, 'Male'),
('Kertzmann Carol', '397490368', 'Assistant Stage Designer', 516, 716, 'Male'),
('Toy Guillermo', '398825987', 'Actor', 524, 724, 'Male'),
('Pfannerstill Sabrina', '403443090', 'Stage Hand', 525, 725, 'Female'),
('Ward Florian', '404081916', 'Actor', 524, 724, 'Male'),
('West Craig', '404447735', 'Sound Designer', 523, 723, 'Male'),
('Cole Jace', '411824401', 'Sound Designer', 522, 722, 'Male'),
('Baumbach Evalyn', '412273403', 'Stage Hand', 502, 702, 'Female'),
('Tremblay Tyrique', '414368917', 'Actor', 522, 722, 'Male'),
('Ruecker Kaycee', '415282881', 'Sound Designer', 525, 725, 'Female'),
('Davis Darrel', '418541098', 'Stage Hand', 523, 723, 'Male'),
('Dach Domenic', '419644819', 'Stage Hand', 524, 724, 'Male'),
('Ritchie Abigail', '420420981', 'Stage Hand', 523, 723, 'Female'),
('Nikolaus Dannie', '422948815', 'Actor', 522, 722, 'Female'),
('Cole Moriah	', '425563515', 'Sound Designer', 501, 701, 'Male'),
('Padberg Kaleb', '426083309', 'Stage Hand', 525, 725, 'Male'),
('Wilderman Rita', '426780889', 'Actor', 522, 722, 'Female'),
('Trantow Agustina', '431761244', 'Stage Hand', 524, 724, 'Female'),
('Funk Rod', '436879412', 'Actor', 525, 725, 'Male'),
('Oberbrunner Bria', '438382569', 'Stage Hand', 522, 722, 'Female'),
('Sanford Vena', '440325047', 'Stage Hand', 522, 722, 'Female'),
('Mayer Gisselle	', '441201915', 'Actor', 501, 701, 'Female'),
('Mayer Gisselle', '441698563', 'Costume Designer', 502, 702, 'Female'),
('Kuvalis Sonny', '445996327', 'Stage Hand', 502, 702, 'Male'),
('Carroll Violette', '448349876', 'Actor', 523, 723, 'Female'),
('Welch Maybelle', '448448467', 'Stage Hand', 523, 723, 'Female'),
('Shanahan Destiney', '448635975', 'Assistant Stage Designer ', 502, 702, 'Non-Binary'),
('Turcotte Hipolito', '456456876', 'Actor', 520, 720, 'Male'),
('Toy Marquise', '469875624', 'Stage Hand', 508, 708, 'Non-Binary'),
('Krajcik Stan', '471452326', 'Actor', 522, 722, 'Male'),
('Wintheiser Jerrell', '476828021', 'Actor', 522, 722, 'Male'),
('Hills Darrick	', '477273717', 'Costume Designer', 506, 706, 'Male'),
('Fahey Anibal', '479567467', 'Stage Hand', 516, 716, 'Male'),
('Mraz Nikita', '481060798', 'Stage Hand', 525, 725, 'Female'),
('Daugherty Murray', '481356003', 'Actor', 523, 723, 'Male'),
('Klein Ethyl', '484285769', 'Stage Hand', 523, 723, 'Female'),
('Gleichner Chloe	', '489226548', 'Actor', 501, 701, 'Female'),
('Upton Danika', '489345678', 'Director', 526, 726, 'Non-Binary'),
('Towne Flossie', '501109387', 'Actor', 522, 722, 'Female'),
('McClure Rory', '501234042', 'Stage Hand', 524, 724, 'Male'),
('Hackett Letitia', '501238229', 'Costume Designer', 522, 722, 'Female'),
('Lind Maybelle', '501724109', 'Stage Hand', 506, 706, 'Female'),
('Beatty Susanna', '502509538', 'Stage Hand', 522, 722, 'Female'),
('Kuphal Casey', '506044719', 'Assistant Director', 522, 722, 'Male'),
('DuBuque Tommie', '508860575', 'Stage Hand', 525, 725, 'Male'),
('Anderson Francisco', '510809227', 'Actor', 524, 724, 'Male'),
('Lang Dion', '514665591', 'Assistant Director', 524, 724, 'Female'),
('Schamberger Adaline', '515768716', 'Sound Designer', 524, 724, 'Female'),
('Toy Yasmine	', '516063668', 'Actor', 501, 701, 'Female'),
('Hansen Jenifer', '516371256', 'Actor', 525, 725, 'Female'),
('Dibbert Alec	', '516549163', 'Stage Hand', 503, 703, 'Male'),
('Balistreri Sarah', '518632499', 'Actor', 524, 724, 'Female'),
('Rosenbaum Ora', '520708976', 'Actor', 523, 723, 'Female'),
('Shanahan Kailey	', '521669875', 'Stage Hand', 502, 702, 'Female'),
('Klein Chauncey', '524633977', 'Stage Hand', 525, 725, 'Male'),
('Block Marisa', '526645216', 'Actor', 525, 725, 'Female'),
('Jacobson Vaughn', '529075679', 'Costume Designer', 524, 724, 'Male'),
('Ledner Clarabelle', '529363013', 'Actor', 523, 723, 'Female'),
('Koepp Jerrell', '530092746', 'Actor', 522, 722, 'Male'),
('Lueilwitz Katrina', '530624977', 'Actor', 501, 701, 'Female'),
('Muller Julia', '530825645', 'Stage Hand', 522, 722, 'Female'),
('Cummings Jayden', '531297869', 'Actor', 525, 725, 'Male'),
('Willms Destiney', '534243677', 'Stage Manager', 519, 719, 'Female'),
('Legros Nico', '536073090', 'Stage Hand', 525, 725, 'Male'),
('Weimann Myah', '536748976', 'Actor', 518, 718, 'Male'),
('Abbott Grady', '537193534', 'Stage Manager', 518, 718, 'Male'),
('DuBuque Collin', '537264521', 'Actor', 517, 717, 'Male'),
('Harber Adrienne', '537498987', 'Assistant Stage Designer', 517, 717, 'Female'),
('Hoppe Berry', '5378564789', 'Actor', 518, 718, 'Male'),
('Ortiz Cyrus', '537890987', 'Assistant Director', 519, 719, 'Male'),
('Ernser Keira', '543689090', 'Actor', 518, 718, 'Female'),
('Gusikowski Carmel', '548967565', 'Actor', 508, 708, 'Male'),
('Kris Woodrow	', '550336489', 'Stage Hand', 506, 706, 'Male'),
('Purdy Vivien	', '550663598', 'Actor', 505, 705, 'Female'),
('Hamill Eusebio', '550905674', 'Actor', 524, 724, 'Male'),
('Volkman Mozell	', '556329864', 'Stage Hand', 503, 703, 'Female'),
('Ortiz Rosetta	', '556331459', 'Actor', 504, 704, 'Female'),
('Ledner Rosendo	', '556684123', 'Actor', 506, 706, 'Male'),
('Beahan Dewitt	', '556698887', 'Actor', 503, 703, 'Male'),
('Bartoletti Clementina', '556774423', 'Sound Designer ', 503, 703, 'Female'),
('Gorczany Yadira	', '556849952', 'Actor', 503, 703, 'Female'),
('Collins Nikolas	', '556874556', 'Stage Hand', 503, 703, 'Male'),
('Romaguera Lilyan	', '556884751', 'Actor', 506, 706, 'Female'),
('Balistreri Delphine	', '556999745', 'Actor', 503, 703, 'Female'),
('Gerlach Terence	', '5611094440', 'Actor', 509, 709, 'Male'),
('Schowalter Lorenz	', '561109700', 'Actor', 509, 709, 'Male'),
('Marks Laverne', '561109788', 'Actor', 509, 709, 'Male'),
('Langworth Jeff', '561109799', 'Actor', 509, 709, 'Male'),
('Donnelly Olga', '565656565', 'Assistant Stage Designer', 520, 720, 'Female'),
('Jenkins Mia	', '566009700', 'Sound Designer', 509, 709, 'Female'),
('Kihn Catharine', '566009710', 'Assistant Stage Designer', 509, 709, 'Female'),
('Jacobi Tia', '566009777', 'Stage Hand', 509, 709, 'Female'),
('Hagenes Kelly	', '566009788', 'Actor', 509, 709, 'Female'),
('Waters Kevin	', '566036698', 'Actor', 505, 705, 'Male'),
('Moen Josianne', '5666478532', 'Actor', 508, 708, 'Female'),
('Conroy Loy', '566698777', 'Costume Designer', 505, 705, 'Male'),
('Effertz Colby	', '566899680', 'Stage Hand', 509, 709, 'Male'),
('Jakubowski Aidan', '566899687', 'Stage Hand', 509, 709, 'Male'),
('Flatley Rhett	', '566899688', 'Stage Hand', 509, 709, 'Male'),
('Kirlin Moriah	', '566899777', 'Stage Hand', 509, 709, 'Male'),
('Grady Jordan', '567345654', 'Stage Hand', 519, 719, 'Male'),
('Terry Ora', '567364578', 'Actor', 518, 718, 'Female'),
('Abernathy Tianna', '567436780', 'Sound Designer ', 520, 720, 'Female'),
('Waelchi Jaeden', '567567567', 'Actor', 520, 720, 'Male'),
('Kautzer Scarlett', '567908098', 'Actor', 521, 721, 'Female'),
('Luettgen Jorge', '567986890', 'Stage Hand', 520, 720, 'Male'),
('Gerlach Terence', '568094440', 'Actor', 509, 709, 'Male'),
('Kihn Catharine', '568094471', 'Actor', 509, 709, 'Non-Binary'),
('Hagenes Kelly	', '568094477', 'Actor', 509, 709, 'Female'),
('Auer Carole	', '568094489', 'Actor', 509, 709, 'Non-Binary'),
('Yost Marquis	', '568844753', 'Sound Designer', 504, 704, 'Male'),
('Hansen Kole', '569774532', 'Sound Designer', 502, 702, 'Male'),
('Crist Janelle', '569883267', 'Actor', 502, 702, 'Female'),
('Krajcik Alyce', '569984753', 'Actor', 506, 706, 'Female'),
('Rolfson Abagail', '573894156', 'Actor', 525, 725, 'Female'),
('Koepp Alessia', '574122860', 'Assistant Stage Designer', 524, 724, 'Female'),
('Reilly Megane', '574497545', 'Actor', 525, 725, 'Female'),
('Flatley Walter', '576312846', 'Stage Hand', 524, 724, 'Male'),
('Kon Sheila', '578432046', 'Actor', 525, 725, 'Female'),
('Flatley Casimer', '578909876', 'Sound Designer ', 519, 719, 'Male'),
('Boehm Ambrose', '578963214', 'Stage Manager', 502, 702, 'Male'),
('Connell Stanly', '579403454', 'Actor', 522, 722, 'Male'),
('Gutmann Gail', '587246439', 'Actor', 522, 722, 'Female'),
('McDermott Larissa	', '589697745', 'Actor', 505, 705, 'Female'),
('Jonathan Batlle', '591992014', 'Sound Designer ', 520, 720, 'Male'),
('Jakubowski Name	', '598637740', 'Stage Hand', 504, 704, 'Female'),
('Lind Kacey	', '598663544', 'Assistant Stage Designer ', 503, 703, 'Male'),
('Baumbach Jerald	', '598863574', 'Actor', 505, 705, 'Male'),
('Kihn Catherine', '600649861', 'Sound Designer', 502, 702, 'Female'),
('Crooks Burdette', '616306052', 'Actor', 525, 725, 'Female'),
('Collier Kale', '624416012', 'Stage Manager', 523, 723, 'Male'),
('Barrows Dale', '638465379', 'Actor', 518, 718, 'Male'),
('Homenick Briana', '6384765432', 'Sound Designer ', 518, 718, 'Male'),
('Kuvalis Garth', '638495876', 'Director', 518, 718, 'Female'),
('Mayer Tessie', '638654789', 'Director', 519, 719, 'Female'),
('Lemke Emilie', '638908876', 'Stage Hand', 519, 719, 'Female'),
('O Hara Esmeralda', '639274654', 'Actor', 517, 717, 'Female'),
('Wyman Roosevelt', '642081598', 'Actor', 523, 723, 'Male'),
('Hettinger Addison', '646195800', 'Actor', 524, 724, 'Female'),
('Goyette Penelope', '646921123', 'Actor', 525, 725, 'Female'),
('Davis Melissa', '647031005', 'Actor', 525, 725, 'Female'),
('Bailey Name', '647295587', 'Actor', 518, 718, 'Female'),
('Renner Lesley', '647390987', 'Assistant Director', 518, 718, 'Male'),
('Rohan Olaf', '647983452', 'Actor', 523, 723, 'Non-Binary'),
('Botsford Devante', '648489377', 'Actor', 501, 701, 'Non-Binary '),
('Nader Sasha', '651240889', 'Sound Designer', 525, 725, 'Female'),
('Blanda Kayleigh', '654345345', 'Stage Hand', 519, 719, 'Male'),
('Lowe Roberta	', '654498654', 'Director', 509, 709, 'Female'),
('Johnson Jaunita', '654498688', 'Director', 509, 709, 'Female'),
('Gleichner Derrick	', '6544987777', 'Costume Designer', 509, 709, 'Male'),
('Nader Kathlyn	', '654498778', 'Director', 509, 709, 'Female'),
('Toy Antonio', '654678987', 'Actor', 519, 719, 'Male'),
('Runte Ned', '655507775', 'Sound Designer', 509, 709, 'Male'),
('Rohan Keanu', '655565678', 'Stage Hand', 526, 726, 'Male'),
('Koelpin Blair', '657224699', 'Stage Hand', 503, 703, 'Male'),
('Boyle Alden', '657722454', 'Actor', 522, 722, 'Male'),
('Cassin Florida	', '659007775', 'Costume Designer', 509, 709, 'Female'),
('Rutherford Karolann	', '659007895', 'Actor', 509, 709, 'Female'),
('Osinski Brisa', '659057895', 'Actor', 508, 708, 'Female'),
('Streich Gilberto', '659743268', 'Actor', 502, 702, 'Male'),
('Rath Carrie	', '659784523', 'Actor', 501, 701, 'Female'),
('Schmitt Mabelle', '659875648', 'Actor', 502, 702, 'Female'),
('Walker Eliezer', '660058975', 'Actor', 508, 708, 'Male'),
('Lang Ramon', '660405873', 'Actor', 502, 702, 'Male'),
('Cormier Sim	', '660448865', 'Costume Designer ', 503, 703, 'Male'),
('Lynch Antwon', '664331598', 'Actor', 506, 706, 'Male'),
('Dibbert Betty	', '665365277', 'Stage Hand', 506, 706, 'Female'),
('Bayer Myrtis', '6669587432', 'Actor', 508, 708, 'Female'),
('Lang Carolina	', '6669587732', 'Actor', 508, 708, 'Female'),
('Mraz Macey', '667386720', 'Assistant Director', 501, 701, 'Male'),
('Fritsch Gerson	', '668005498', 'Stage Manager', 506, 706, 'Male'),
('Bergstrom Brice', '668542315', 'Director', 503, 703, 'Male'),
('Wilkinson Irving	', '668554133', 'Stage Hand', 502, 702, 'Male'),
('Wiza Ariane	', '668953264', 'Director', 511, 711, 'Female'),
('Willms Reta	', '668953275', 'Assistant Director', 511, 711, 'Female'),
('Baumbach Jerald	', '669335248', 'Actor', 506, 706, 'Male'),
('Grant Dayton	', '669356745', 'Actor', 505, 705, 'Male'),
('McCullough Sarina', '669447853', 'Actor', 507, 707, 'Female'),
('Dare Freida	', '669554782', 'Stage Hand', 502, 702, 'Female'),
('Rogahn Ethel', '669554899', 'Actor', 507, 707, 'Male'),
('Effertz Hilma	', '669785666', 'Stage Hand', 503, 703, 'Female'),
('Jones Lane	', '669854477', 'Actor', 504, 704, 'Non-Binary'),
('Fritsch Jeanne	', '669854785', 'Actor', 504, 704, 'Female'),
('Kertzmann Armani	', '669875465', 'Sound Designer', 508, 708, 'Male'),
('Pouros Judy	', '669884532', 'Actor', 503, 703, 'Female'),
('Nader Oren', '669887453', 'Actor', 507, 707, 'Male'),
('Padberg Jensen', '669888544', 'Assistant Director', 503, 703, 'Male'),
('Strosin Jaclyn', '674426591', 'Actor', 524, 724, 'Female'),
('Wehner Augusta', '675329864', 'Actor', 502, 702, 'Female'),
('Walter Guido', '676103443', 'Assistant Stage Designer', 522, 722, 'Male'),
('Stamm Maddison', '677093545', 'Actor', 522, 722, 'Female'),
('Hodkiewicz Judson', '678001234', 'Stage Hand', 521, 721, 'Male'),
('Ondricka Hazel', '678398654', 'Stage Hand', 519, 719, 'Male'),
('Ankunding Layla', '678909087', 'Stage Hand', 518, 718, 'Female'),
('Hand Skylar', '678987567', 'Stage Hand', 520, 720, 'Male'),
('Kohler Rosalyn', '679008678', 'Assistant Stage Designer', 526, 726, 'Female'),
('Botsford Cydney', '680520293', 'Assistant Stage Designer', 525, 725, 'Female'),
('Pouros Ernestine', '681205780', 'Actor', 523, 723, 'Female'),
('Durgan Jamarcus', '686553215', 'Assistant Stage Designer', 508, 708, 'Male'),
('Bergstrom Arvilla', '694106687', 'Stage Hand', 524, 724, 'Female'),
('Kling Misael', '695005486', 'Assistant Stage Designer', 501, 701, 'Male'),
('Klocko Beaulah', '695098793', 'Actor', 523, 723, 'Female'),
('Fritsch Gerson	', '698475136', 'Actor', 506, 706, 'Male'),
('Cole Hilario', '698487664', 'Stage Hand', 508, 708, 'Male'),
('Heidenreich Ryan', '6985326499', 'Actor', 502, 702, 'Male'),
('Hahn Lenny	', '698553269', 'Stage Manager', 508, 708, 'Male'),
('Kilback Itzel', '698774569', 'Sound Designer', 508, 708, 'Female'),
('Rohan Nathen', '702184028', 'Stage Hand', 525, 725, 'Male'),
('Bednar Marielle', '705581316', 'Stage Hand', 524, 724, 'Female'),
('Pacocha Jonathan', '732678546', 'Actor', 526, 726, 'Male'),
('Weissnat Abdullah', '738186243', 'Stage Manager', 524, 724, 'Male'),
('Schamberger Jedidiah', '738378109', 'Actor', 526, 726, 'Male'),
('Trantow Shirley', '739021234', 'Actor', 526, 726, 'Female'),
('Marks Macie', '739097890', 'Stage Manager', 521, 721, 'Female'),
('Sipes Emiliano', '7394758207', 'Director', 517, 717, 'Male'),
('Rath Filomena', '753019783', 'Stage Hand', 523, 723, 'Female'),
('Bradtke Jaeden', '7569843215', 'Actor', 501, 701, 'Male'),
('Fisher Katelyn	', '757014633', 'Actor', 501, 701, 'Female'),
('Flatley Cindy', '758128008', 'Stage Hand', 523, 723, 'Female'),
('Ferry Nettie', '762514347', 'Costume Designer', 524, 724, 'Female'),
('Armstrong Justice', '766601834', 'Stage Hand', 522, 722, 'Male'),
('Thiel Kora', '769823558', 'Director', 525, 725, 'Female'),
('Cole Glen', '772446988', 'Director', 505, 705, 'Male'),
('Nicolas Cleveland', '776007732', 'Actor', 508, 708, 'Male'),
('Hayes Leonor	', '7769587732', 'Actor', 508, 708, 'Female'),
('Gusikowski Bernadine	', '778006548', 'Sound Designer', 506, 706, 'Female'),
('Romaguera Lilyan	', '778446588', 'Assistant Director', 506, 706, 'Female'),
('Crist Zion	', '778695423', 'Stand Hand', 508, 708, 'Male'),
('Legros Jeffry', '778996632', 'Assistant Director', 505, 705, 'Male'),
('Schinner Vivien', '789028390', 'Actor', 526, 726, 'Female'),
('Stokes Phoebe', '789098908', 'Actor', 526, 726, 'Female'),
('Morissette Jerrod', '789374689', 'Sound Designer ', 521, 721, 'Male'),
('Wintheiser Lura', '789456456', 'Actor', 519, 719, 'Female'),
('Reilly Ottis	', '789553642', 'Stage Manager', 511, 711, 'Male'),
('Jenkins Clara	', '813321615', 'Stage Hand', 512, 712, 'Female'),
('Barton Heloise	', '813321715', 'Stage Hand', 512, 712, 'Female'),
('Ratke Brennon	', '813321815', 'Sound Designer', 512, 712, 'Male'),
('Armstrong Ariane	', '813326615', 'Stage Hand', 512, 712, 'Female'),
('Kub Joy	', '813336615', 'Stage Hand', 512, 712, 'Female'),
('Cole Jacinto	', '813421815', 'Actor', 512, 712, 'Male'),
('Bartoletti Abraham', '813421825', 'Actor', 512, 712, 'Male'),
('Schowalter Henri	', '813421830', 'Actor', 512, 712, 'Male'),
('Haag Hellen	', '813421831', 'Actor', 512, 712, 'Non-Binary'),
('Lueilwitz Cooper	', '813421835', 'Actor', 512, 712, 'Male'),
('Glover Ozella	', '813421836', 'Assistant Stage Designer', 512, 712, 'Female'),
('Cormier Maci	', '813421837', 'Actor', 512, 712, 'Female'),
('Grant Nickolas	', '813421839', 'Actor', 512, 712, 'Male'),
('Homenick Kyleigh	', '813422830', 'Director', 513, 713, 'Male'),
('Wisoky Adele	', '813422831', 'Actor', 512, 712, 'Female'),
('Crona Vincent	', '813422832', 'Stage Manager', 513, 713, 'Male'),
('Cronin Collin	', '813422843', 'Costume Designer', 513, 713, 'Male'),
('Kris Gisselle	', '813422844', 'Sound Designer', 513, 713, 'Female'),
('Dach Thora	', '813422845', 'Assistant Director', 513, 713, 'Female'),
('Pfannerstill Rosalinda	', '813422846', 'Stage Hand', 513, 713, 'Female'),
('Smith Zelda', '813422847', 'Stage Hand', 513, 713, 'Female'),
('Boyle Enola	', '813422848', 'Stage Hand', 513, 713, 'Female'),
('Gislason Madalyn', '813422849', 'Stage Hand', 513, 713, 'Female'),
('Littel Xzavier	', '813422877', 'Stage Hand', 513, 713, 'Male'),
('Jakubowski Emelia	', '813423870', 'Stage Hand', 513, 713, 'Female'),
('Nader Maryam	', '813423871', 'Stage Hand', 513, 713, 'Female'),
('Bernhard Erich	', '813423877', 'Stage Hand', 513, 713, 'Male'),
('Halvorson Haylie', '813423879', 'Stage Hand', 513, 713, 'Female'),
('Wiegand Mylene	', '813424871', 'Stage Hand', 513, 713, 'Female'),
('Kirlin Zora	', '813434871', 'Sound Designer', 513, 713, 'Female'),
('Wisoky Adele	', '813434872', 'Assistant Stage Designer', 513, 713, 'Female'),
('Haag Hellen	', '813434873', 'Actor', 513, 713, 'Female'),
('Lind Gina	', '813435873', 'Actor', 513, 713, 'Female'),
('Ward Myron	', '813435883', 'Actor', 513, 713, 'Male'),
('Von Orland	', '813435884', 'Actor', 513, 713, 'Male'),
('Runolfsson Alisha	', '816014016', 'Sound Designer', 511, 711, 'Non-Binary'),
('Thompson Jaylin	', '816014116', 'Stage Hand', 511, 711, 'Male'),
('Hyatt Kenyon	', '816014196', 'Stage Hand', 511, 711, 'Male'),
('Eichmann Terrill	', '816017010', 'Actor', 511, 711, 'Male'),
('Howell Marisa	', '816017016', 'Sound Designer', 511, 711, 'Non-Binary'),
('Padberg Rebecca	', '816017017', 'Actor', 511, 711, 'Female'),
('Corwin Kaylin	', '816017018', 'Actor', 511, 711, 'Female'),
('Schulist Chesley	', '816017019', 'Actor', 511, 711, 'Male'),
('Oberbrunner Ed', '816706615', 'Sound Designer', 512, 712, 'Male'),
('Mayert Jack	', '816716615', 'Stage Hand', 512, 712, 'Male'),
('Huels Adriel	', '816716915', 'Stage Hand', 512, 712, 'Male'),
('Mayert Shaun	', '816717014', 'Actor', 511, 711, 'Male'),
('Anderson Floyd	', '816717018', 'Actor', 511, 711, 'Male'),
('Murazik Fiona	', '816717019', 'Actor', 511, 711, 'Female'),
('Wolff Myriam	', '816717619', 'Actor', 511, 711, 'Female'),
('Lowe Jacey	', '816744619', 'Actor', 511, 711, 'Male'),
('Krajcik Kraig	', '816744819', 'Actor', 511, 711, 'Male'),
('Wisozk Rosella	', '816746610', 'Assistant Director', 512, 712, 'Female'),
('Shanahan Amani	', '816746614', 'Stage Manager', 512, 712, 'Male'),
('Carroll Wilfredo', '816746615', 'Costume Designer', 512, 712, 'Male'),
('Dietrich Anabelle	', '816746619', 'Director', 512, 712, 'Female'),
('Gibson Kennith	', '816756615', 'Stage Hand', 512, 712, 'Male'),
('Klein Cary	', '817717018', 'Actor', 511, 711, 'Male'),
('Goodwin Vance', '839097467', 'Sound Designer ', 516, 716, 'Male'),
('Stehr Leonard	', '846553268', 'Actor', 503, 703, 'Male'),
('Wunsch Gino', '854362166', 'Actor', 502, 702, 'Male'),
('Waters Kevin	', '876554123', 'Assistant Stage Designer', 506, 706, 'Male'),
('Kohler Coralie	', '880063599', 'Sound Designer', 505, 705, 'Female'),
('Dibbert Betty	', '880065439', 'Stage Hand', 505, 705, 'Female'),
('Kris Woodrow	', '880336597', 'Actor', 505, 705, 'Male'),
('Lind Maybelle	', '880664788', 'Sound Designer', 505, 705, 'Female'),
('Walsh Brant	', '884663152', 'Stage Hand', 505, 705, 'Male'),
('Williamson Camden', '884695523', 'Actor', 503, 703, 'Male'),
('Purdy Vivien	', '885336257', 'Actor', 506, 706, 'Non-Binary'),
('Hills Darrick	', '885663256', 'Stage Hand', 505, 705, 'Male'),
('McDermott Larissa	', '886003568', 'Sound Designer', 506, 706, 'Female'),
('Schiller Marcel	', '886004597', 'Actor', 503, 703, 'Male'),
('Buckridge Providenci	', '886332657', 'Actor', 504, 704, 'Female'),
('Collier Charley', '886335444', 'Stage Hand', 505, 705, 'Male'),
('Stanton Creola', '886335745', 'Stage Hand', 505, 705, 'Female'),
('Schneider Elian	', '886557432', 'Sound Designer', 504, 704, 'Male'),
('Lueilwitz Garrison	', '886755322', 'Director', 504, 704, 'Non-Binary'),
('Green Alta	', '886957742', 'Actor', 504, 704, 'Female'),
('Tremblay Vernice	', '886993267', 'Stage Hand', 504, 704, 'Female'),
('Huel Larry	', '887556234', 'Actor', 503, 703, 'Male'),
('Skiles Florian	', '887633548', 'Stage Hand', 504, 704, 'Male'),
('Harvey Danny	', '887664139', 'Assistant Director', 504, 704, 'Male'),
('Dickinson Caleb	', '887664852', 'Actor', 503, 703, 'Male'),
('Gislason Judy	', '888925477', 'Stage Hand', 504, 704, 'Female'),
('Ledner Rosendo	', '888966574', 'Actor', 505, 705, 'Male'),
('Mraz Ashly	', '889654782', 'Actor', 505, 705, 'Non-Binary'),
('Mraz Ashly', '889660145', 'Actor', 506, 706, 'Female'),
('Smitham Libbie	', '889663254', 'Stage Hand', 504, 704, 'Female'),
('Hermiston Layne	', '889663257', 'Stage Manager', 505, 705, 'Male'),
('Hyatt Juston	', '889663298', 'Assistant Stage Designer', 504, 704, 'Male'),
('Mann Mina	', '889664732', 'Costume Designer', 504, 704, 'Female'),
('Lemke Linwood', '890006547', 'Actor', 501, 701, 'Male'),
('Medhurst Carleton', '890689678', 'Stage Hand', 516, 716, 'Male'),
('Runolfsdottir Clyde', '895674129', 'Actor', 502, 702, 'Male'),
('Hand Hal	', '896004156', 'Stage Hand', 511, 711, 'Male'),
('Moen Earnest	', '896004196', 'Stage Hand', 511, 711, 'Male'),
('Lemke Kevin	', '896004756', 'Stage Hand', 511, 711, 'Male'),
('Auer Jose	', '896014196', 'Stage Hand', 511, 711, 'Male'),
('Lindgren Sarina	', '896677659', 'Actor', 504, 704, 'Female'),
('Torp Magali', '897676789', 'Actor', 526, 726, 'Female'),
('Skiles Kareem', '905907022', 'Assistant Director', 525, 725, 'Male'),
('Smitham Rosario', '908624531', 'Sound Designer', 522, 722, 'Male'),
('Paucek Liam	', '966846657', 'Sound Designer', 503, 703, 'Male'),
('Stroman Elisabeth', '975482937', 'Costume Designer', 516, 716, 'Female'),
('Marvin Filiberto', '980033678', 'Assistant Stage Designer', 515, 715, 'Male'),
('Nienow Tracy	', '980033679', 'Actor', 515, 715, 'Female'),
('Hansen Savanna	', '980043672', 'Actor', 515, 715, 'Female'),
('Altenwerth Randall	', '980043673', 'Actor', 515, 715, 'Male'),
('Spinka Jennings', '980043674', 'Actor', 515, 715, 'Male'),
('Schultz Nick', '980043675', 'Actor', 515, 715, 'Male'),
('Goodwin Bertrand	', '980043676', 'Actor', 515, 715, 'Male'),
('Goyette Twila	', '980043678', 'Actor', 516, 716, 'Male'),
('Bahringer Isabell	', '980043679', 'Actor', 515, 715, 'Female'),
('Mertz Earline	', '980068379', 'Actor', 514, 714, 'Female'),
('Kuhlman Millie	', '980068479', 'Actor', 514, 714, 'Female'),
('Johnson Foster	', '980069470', 'Assistant Director', 515, 715, 'Male'),
('Schinner Willa	', '980069471', 'Stage Manager', 515, 715, 'Female'),
('Gleason Wilma	', '980069472', 'Costume Designer', 515, 715, 'Female'),
('Ritchie Lesly	', '980069473', 'Sound Designer', 515, 715, 'Female'),
('Mayert Ivory', '980069474', 'Stage Hand', 515, 715, 'Female'),
('Kuvalis Ramona	', '980069475', 'Stage Hand', 515, 715, 'Female'),
('Reynolds Cecil	', '980069479', 'Director', 515, 715, 'Male'),
('Parker Kenneth	', '980069575', 'Stage Hand', 515, 715, 'Male'),
('Erdman Doug	', '980069675', 'Stage Hand', 515, 715, 'Male'),
('Kris Mafalda	', '980069676', 'Stage Hand', 515, 715, 'Female'),
('VonRueden Sharon	', '980069677', 'Stage Hand', 515, 715, 'Female'),
('Jast Jessica	', '980069678', 'Sound Director', 515, 715, 'Female'),
('Turner Burnice	', '981043670', 'Actor', 516, 716, 'Male'),
('Tillman Mara	', '981043671', 'Actor', 516, 716, 'Female'),
('Metz Adrianna	', '981043672', 'Actor', 516, 716, 'Female'),
('Quigley Citlalli	', '981043673', 'Actor', 516, 716, 'Female'),
('Brekke Raegan	', '981043674', 'Actor', 516, 716, 'Female'),
('Douglas Melyssa	', '981043675', 'Actor', 516, 716, 'Female'),
('Terry Orpha	', '981043676', 'Actor', 516, 716, 'Female'),
('Gleichner Eden	', '981043677', 'Actor', 516, 716, 'Non-Binary'),
('Oberbrunner Leo', '981043679', 'Actor', 516, 716, 'Male'),
('Feeney Veronica	', '981045677', 'Actor', 516, 716, 'Non-Binary'),
('Batz Elza', '986246875', 'Actor', 502, 702, 'Non-Binary'),
('Wiegand Jaqueline', '986384768', 'Assistant Director', 521, 721, 'Female'),
('Zulauf Burdette	', '986489647', 'Assistant Director', 508, 708, 'Female'),
('Gulgowski Arturo	', '986554105', 'Sound Designer', 511, 711, 'Male'),
('Anderson Ronaldo	', '986554115', 'Actor', 511, 711, 'Male'),
('Harris Sasha	', '986554116', 'Actor', 511, 711, 'Male'),
('Von Orland	', '986554117', 'Actor', 511, 711, 'Female'),
('Marks Elvera	', '986554135', 'Costume Designer', 511, 711, 'Female'),
('Kertzmann Betsy	', '986558117', 'Actor', 511, 711, 'Female'),
('Schaden Cyril	', '986558217', 'Actor', 511, 711, 'Female'),
('Hamill Manley	', '986558218', 'Actor', 511, 711, 'Male'),
('Weissnat Deshaun	', '986558219', 'Actor', 511, 711, 'Male'),
('Marquardt Kristian	', '986558229', 'Actor', 511, 711, 'Male'),
('Ondricka Gay	', '986558230', 'Assistant Director', 514, 714, 'Male'),
('Bechtelar Johnny	', '986558239', 'Director', 514, 714, 'Male'),
('Schinner Jermain	', '986568152', 'Stage Hand', 514, 714, 'Male'),
('King Wellington	', '986568202', 'Sound Designer', 514, 714, 'Male'),
('Quitzon Larry	', '986568203', 'Stage Hand', 514, 714, 'Male'),
('Rice Mia	', '986568204', 'Stage Hand', 514, 714, 'Female'),
('Mann Hattie	', '986568214', 'Stage Hand', 514, 714, 'Female'),
('Boyer Liza	', '986568215', 'Stage Hand', 514, 714, 'Female'),
('Gibson Chelsea	', '986568230', 'Assistant Director', 514, 714, 'Female'),
('Zemlak Edythe	', '986568231', 'Stage Manager', 514, 714, 'Female'),
('Greenfelder Emily	', '986568232', 'Costume Designer', 514, 714, 'Female'),
('Welch Reggie	', '986568252', 'Stage Hand', 514, 714, 'Male'),
('Konopelski Kelton	', '986568262', 'Stage Hand', 514, 714, 'Male'),
('Lockman Ada	', '986568263', 'Stage Hand', 514, 714, 'Female'),
('Howell Marisa	', '986568264', 'Stage Hand', 514, 714, 'Female'),
('Douglas Cordie	', '986568265', 'Sound Director', 514, 714, 'Female'),
('Will Evan	', '986568365', 'Assistant Stage Designer', 514, 714, 'Male'),
('Hodkiewicz Ansley	', '986568375', 'Actor', 514, 714, 'Male'),
('Stoltenberg Quinn	', '986568376', 'Actor', 514, 714, 'Male'),
('Corkery Flavie	', '986568377', 'Actor', 514, 714, 'Male'),
('VonRueden Loyal	', '986568378', 'Actor', 514, 714, 'Male'),
('Dickinson Aurore	', '986568379', 'Actor', 514, 714, 'Female'),
('Moen Kip	', '986774033', 'Stage Hand', 504, 704, 'Male'),
('Denesik Allen	', '987565488', 'Actor', 504, 704, 'Male'),
('Nader Brady', '987621569', 'Actor', 501, 701, 'Male'),
('Wyman Brady', '987654345', 'Actor', 520, 720, 'Male'),
('Hintz Jazmin', '987678567', 'Stage Hand', 520, 720, 'Female'),
('Wisoky Daniella', '987897890', 'Stage Hand', 520, 720, 'female'),
('Swaniawski Jacinto', '989898765', 'Stage Hand', 526, 726, 'Male'),
('Herzog Rubye	', '990036548', 'Actor', 505, 705, 'Non-Binary'),
('Considine Carolyne', '990648365', 'Actor', 502, 702, 'Female'),
('Crist Ivy	', '991666784', 'Director', 507, 707, 'Female'),
('Denesik Alison', '996003654', 'Stage Hand', 503, 703, 'Female'),
('Keebler Ronny', '996004567', 'Actor', 502, 702, 'Male'),
('Lang Fausto', '996362247', 'Actor', 507, 707, 'Male'),
('Wunsch Asia	', '998226488', 'Stage Manager', 504, 704, 'Female'),
('Lynch Antwon	', '998553624', 'Director', 506, 706, 'Male'),
('Kessler Florence	', '998633524', 'Stage Hand', 505, 705, 'Female'),
('Grant Maegan	', '998663222', 'Actor', 503, 703, 'Female'),
('McCullough Chasity	', '998663255', 'Stage Manager', 505, 705, 'Female'),
('Legros Rasheed', '998663256', 'Costume Designer', 505, 705, 'Male'),
('Stanton Samson	', '998663259', 'Costume Designer', 504, 704, 'Male'),
('VonRueden Khalil	', '998663265', 'Actor', 504, 704, 'Male'),
('Welch Adaline	', '998663354', 'Actor', 503, 703, 'Female'),
('Wiegand Bethel', '998663514', 'Stage Hand', 504, 704, 'Female'),
('Goldner Isaac', '998663577', 'Costume Designer', 508, 708, 'Male'),
('McClure Korey	', '998663674', 'Actor', 504, 704, 'Male'),
('Schmitt Efrain	', '998665473', 'Actor', 503, 703, 'Male'),
('Rutherford Jalyn	', '998667743', 'Costume Designer', 503, 703, 'Female'),
('Carroll Lacy	', '998756632', 'Stage Hand', 503, 703, 'Female'),
('Gusikowski Mauricio', '998766635', 'Actor', 507, 707, 'Male'),
('Grant Dayton', '998776548', 'Stage Hand', 506, 706, 'Male'),
('Halvorson Liana', '998789678', 'Actor', 521, 721, 'Female'),
('Johnston Anderson', '999999878', 'Assistant Stage Designer', 521, 721, 'Male');

-- --------------------------------------------------------

--
-- Table structure for table `shows`
--

CREATE TABLE `shows` (
  `Show_ID` int(10) NOT NULL,
  `Names` varchar(50) DEFAULT NULL,
  `Release_Date` date DEFAULT NULL,
  `Genre` varchar(20) DEFAULT NULL
) ENGINE=InnoDB DEFAULT CHARSET=latin1 COLLATE=latin1_swedish_ci;

--
-- Dumping data for table `shows`
--

INSERT INTO `shows` (`Show_ID`, `Names`, `Release_Date`, `Genre`) VALUES
(501, 'MJ', '2022-02-01', 'Musical'),
(502, 'The Lion King', '1993-11-13', 'Musical'),
(503, 'Some Like it Hot', '2022-11-11', 'Musical'),
(504, 'Funny Girl', '2023-04-24', 'Musical'),
(505, 'SIX: The Musical', '2021-11-17', 'Musical'),
(506, 'Harry Potter and the Cursed Child', '2021-11-07', 'Play'),
(507, 'Parade', '2023-03-16', 'Musical'),
(508, 'The Phantom of the Opera', '2023-04-16', 'Musical'),
(509, 'Bad Cinderella', '2023-03-23', 'Musical'),
(510, '& Juliet', '2022-11-17', 'Musical'),
(511, 'A Beautiful Noise, The Neil Diamond Musical', '2022-12-04', 'Musical'),
(512, 'New York, New York', '2023-04-26', 'Musical'),
(513, 'Bob Fosse’s DANCIN’', '2023-03-19', 'Musical'),
(514, 'Sweeney Todd: The Demon Barber of Fleet Street', '2023-03-26', 'Musical'),
(515, 'Hamilton', '2015-08-06', 'Musical'),
(516, 'Aladin', '2014-03-20', 'Musical'),
(517, 'Wicked', '2013-10-30', 'Musical'),
(518, 'Hadestown', '2019-04-17', 'Musical'),
(519, 'Leopoldstadt', '2022-10-02', 'Play'),
(520, 'Chicago', '1996-11-14', 'Musical'),
(521, 'Life of Pi', '2023-03-30', 'Play'),
(522, 'Lerner and Loewe’c Camelot', '2023-04-13', 'Musical'),
(523, 'Moulin Rouge! The Musical', '2019-07-25', 'Musical'),
(524, 'The Book of Mormon', '2011-04-24', 'Musical'),
(525, 'Kimberly Akimbo', '2022-10-10', 'Musical'),
(526, 'Shucked', '2023-04-04', 'Musical');

-- --------------------------------------------------------

--
-- Table structure for table `theater`
--

CREATE TABLE `theater` (
  `Theater_ID` int(11) NOT NULL,
  `Name` varchar(20) DEFAULT NULL,
  `Address` varchar(255) DEFAULT NULL,
  `Number_of_Seats` int(11) DEFAULT NULL
) ENGINE=InnoDB DEFAULT CHARSET=latin1 COLLATE=latin1_swedish_ci;

--
-- Dumping data for table `theater`
--

INSERT INTO `theater` (`Theater_ID`, `Name`, `Address`, `Number_of_Seats`) VALUES
(700, 'Becky', '555 address', 10),
(701, 'Neil Simon Theatre', '250 West 52nd Street New York, NY 10019', 1145),
(702, 'Minskoff Theatre', '200 West 45th Street New York NY 10036', 1621),
(703, 'Shubert Theatre', '225 West 44th Street New York, NY 10036', 1502),
(704, 'August Wilson Theatr', '245 West 52nd Street New York, NY 10019', 1275),
(705, 'Lena Horne Theatre', '256 West 47th Street New York, NY 10036', 1069),
(706, 'Lyric Theatre', '214 West 43rd Street New York, NY 10036', 500),
(707, 'Bernard B. Jacobs Th', '242 W 45th St New York, NY 10036', 1078),
(708, 'Majestic Theatre', '245 W 44th St New York, NY 10036', 1645),
(709, 'Imperial Theatre', '249 West 45th Street New York, NY 10036', 1417),
(710, 'Stephen Sondheim The', '124 West 43rd Street New York, NY 10036', 1055),
(711, 'Broadhurst Theatre', '235 West 44th Street New York, NY 10036', 1156),
(712, 'St. James Theatre', '246 West 44th Street New York, NY 10036', 1710),
(713, 'Music Box Theatre', '239 West 45th Street New York, NY 10036', 1025),
(714, 'Lunt-Fontanne Theatr', '205 West 46th Street New York, NY 10036', 1504),
(715, 'Richard Rodgers Thea', '’226 West 46th Street New York, NY 10036', 1319),
(716, 'New Amsterdam Theatr', '214 West 42nd Street New York, NY 10036', 1702),
(717, 'Gershwin Theatre', '222 West 51st Street New York, NY 10019', 1933),
(718, 'Walter Kerr Theatre', '219 West 48th Street New York, NY 10036', 975),
(719, 'Longacre Theatre', '220 West 48th Street New York, NY 10036', 1077),
(720, 'Ambassador Theatre', '219 West 49th Street New York, NY 10019', 1125),
(721, 'Schoenfeld Theatre', '236 West 45th Street New York, NY 10036', 1080),
(722, 'Vivian Beaumont Thea', '150 West 65th Street New York, NY 10023', 1080),
(723, 'Al Hirschfeld Theatr', '302 West 45th Street New York, NY 10036', 1424),
(724, 'Eugene ONeill Theatr', '230 West 49th Street New York, NY 10019', 1102),
(725, 'Booth Theatre', '222 West 45th Street New York, NY 10036', 766),
(726, 'Nederlander Theatre', '208 W. 41st Street New York, NY 10036', 1232);

-- --------------------------------------------------------

--
-- Table structure for table `ticket_sale`
--

CREATE TABLE `ticket_sale` (
  `Ticket_Sale_ID` int(11) NOT NULL,
  `Time` time DEFAULT NULL,
  `Date` date DEFAULT NULL,
  `Number_of_Tickets` int(11) DEFAULT NULL,
  `Price` decimal(10,2) DEFAULT NULL,
  `Theater_ID` int(11) DEFAULT NULL
) ENGINE=InnoDB DEFAULT CHARSET=utf8mb4 COLLATE=utf8mb4_general_ci;

--
-- Dumping data for table `ticket_sale`
--

INSERT INTO `ticket_sale` (`Ticket_Sale_ID`, `Time`, `Date`, `Number_of_Tickets`, `Price`, `Theater_ID`) VALUES
(10, '16:00:00', '2023-05-01', 30, 10.00, 700),
(20123502, '20:00:00', '2023-05-01', 1101, 90.00, 701),
(20123503, '20:00:00', '2023-05-02', 1145, 90.00, 701),
(20123504, '20:00:00', '2023-05-03', 1134, 90.00, 701),
(20123505, '20:00:00', '2023-05-04', 1145, 90.00, 701),
(20123506, '20:00:00', '2023-05-05', 1145, 90.00, 701),
(20123507, '20:00:00', '2023-05-06', 1145, 90.00, 701),
(20123508, '20:00:00', '2023-05-07', 1145, 90.00, 701),
(20123509, '20:00:00', '2023-05-08', 1145, 90.00, 701),
(20123510, '20:00:00', '2023-05-09', 1145, 90.00, 701),
(20123511, '20:00:00', '2023-05-10', 1145, 90.00, 701),
(20123512, '20:00:00', '2023-05-11', 1145, 90.00, 701),
(20123513, '20:00:00', '2023-05-12', 1145, 90.00, 701),
(20123514, '20:00:00', '2023-05-13', 1145, 90.00, 701),
(20123515, '20:00:00', '2023-05-14', 1145, 90.00, 701),
(20123516, '20:00:00', '2023-05-15', 1145, 90.00, 701),
(20123517, '20:00:00', '2023-05-16', 1145, 90.00, 701),
(20123518, '20:00:00', '2023-05-17', 1145, 90.00, 701),
(20123519, '20:00:00', '2023-05-18', 1145, 90.00, 701),
(20123520, '20:00:00', '2023-05-19', 1145, 90.00, 701),
(20123521, '20:00:00', '2023-05-20', 1145, 90.00, 701),
(20123522, '20:00:00', '2023-05-21', 1145, 90.00, 701),
(20123523, '20:00:00', '2023-05-22', 1145, 90.00, 701),
(20123524, '20:00:00', '2023-05-23', 1145, 90.00, 701),
(20123525, '20:00:00', '2023-05-24', 1145, 90.00, 701),
(20123526, '20:00:00', '2023-05-25', 1145, 90.00, 701),
(20123527, '20:00:00', '2023-05-26', 1145, 90.00, 701),
(20123528, '20:00:00', '2023-05-27', 1145, 90.00, 701),
(20123529, '20:00:00', '2023-05-28', 1145, 90.00, 701),
(20123530, '20:00:00', '2023-05-29', 1145, 90.00, 701),
(20123531, '20:00:00', '2023-05-30', 1145, 90.00, 701),
(20123532, '20:00:00', '2023-05-31', 1145, 90.00, 701),
(20223502, '19:00:00', '2023-05-01', 1321, 90.00, 702),
(20223503, '19:00:00', '2023-05-02', 1621, 90.00, 702),
(20223504, '19:00:00', '2023-05-03', 1549, 90.00, 702),
(20223505, '19:00:00', '2023-05-04', 1621, 90.00, 702),
(20223506, '19:00:00', '2023-05-05', 1610, 90.00, 702),
(20223507, '19:00:00', '2023-05-06', 1621, 90.00, 702),
(20223508, '19:00:00', '2023-05-07', 1621, 90.00, 702),
(20223509, '19:00:00', '2023-05-08', 1621, 90.00, 702),
(20223510, '19:00:00', '2023-05-09', 1586, 90.00, 702),
(20223511, '19:00:00', '2023-05-10', 1621, 90.00, 702),
(20223512, '19:00:00', '2023-05-11', 1621, 90.00, 702),
(20223513, '19:00:00', '2023-05-12', 1621, 90.00, 702),
(20223514, '19:00:00', '2023-05-13', 1621, 90.00, 702),
(20223515, '19:00:00', '2023-05-14', 1621, 90.00, 702),
(20223516, '19:00:00', '2023-05-15', 1621, 90.00, 702),
(20223517, '19:00:00', '2023-05-16', 1621, 90.00, 702),
(20223518, '19:00:00', '2023-05-17', 1621, 90.00, 702),
(20223519, '19:00:00', '2023-05-18', 1621, 90.00, 702),
(20223520, '19:00:00', '2023-05-19', 1621, 90.00, 702),
(20223521, '19:00:00', '2023-05-20', 1621, 90.00, 702),
(20223522, '19:00:00', '2023-05-21', 1621, 90.00, 702),
(20223523, '19:00:00', '2023-05-22', 1621, 90.00, 702),
(20223524, '19:00:00', '2023-05-23', 1621, 90.00, 702),
(20223525, '19:00:00', '2023-05-24', 1621, 90.00, 702),
(20223526, '19:00:00', '2023-05-25', 1621, 90.00, 702),
(20223527, '19:00:00', '2023-05-26', 1621, 90.00, 702),
(20223528, '19:00:00', '2023-05-27', 1621, 90.00, 702),
(20223529, '19:00:00', '2023-05-28', 1621, 90.00, 702),
(20223530, '19:00:00', '2023-05-29', 1621, 90.00, 702),
(20223531, '19:00:00', '2023-05-30', 1621, 90.00, 702),
(20223532, '19:00:00', '2023-05-31', 1621, 90.00, 702),
(20323502, '19:30:00', '2023-05-01', 1502, 110.00, 703),
(20323503, '19:30:00', '2023-05-02', 1502, 110.00, 703),
(20323504, '19:30:00', '2023-05-03', 1491, 110.00, 703),
(20323505, '19:30:00', '2023-05-04', 1502, 110.00, 703),
(20323506, '19:30:00', '2023-05-05', 1502, 110.00, 703),
(20323507, '19:30:00', '2023-05-06', 1502, 110.00, 703),
(20323508, '19:30:00', '2023-05-07', 1502, 110.00, 703),
(20323509, '19:30:00', '2023-05-08', 1502, 110.00, 703),
(20323510, '19:30:00', '2023-05-09', 1502, 110.00, 703),
(20323511, '19:30:00', '2023-05-10', 1502, 110.00, 703),
(20323512, '19:30:00', '2023-05-11', 1502, 110.00, 703),
(20323513, '19:30:00', '2023-05-12', 1502, 110.00, 703),
(20323514, '19:30:00', '2023-05-13', 1502, 110.00, 703),
(20323515, '19:30:00', '2023-05-14', 1502, 110.00, 703),
(20323516, '19:30:00', '2023-05-15', 1502, 110.00, 703),
(20323517, '19:30:00', '2023-05-16', 1502, 110.00, 703),
(20323518, '19:30:00', '2023-05-17', 1502, 110.00, 703),
(20323519, '19:30:00', '2023-05-18', 1502, 110.00, 703),
(20323520, '19:30:00', '2023-05-19', 1502, 110.00, 703),
(20323521, '19:30:00', '2023-05-20', 1502, 110.00, 703),
(20323522, '19:30:00', '2023-05-21', 1502, 110.00, 703),
(20323523, '19:30:00', '2023-05-22', 1502, 110.00, 703),
(20323524, '19:30:00', '2023-05-23', 1502, 110.00, 703),
(20323525, '19:30:00', '2023-05-24', 1502, 110.00, 703),
(20323526, '19:30:00', '2023-05-25', 1502, 110.00, 703),
(20323527, '19:30:00', '2023-05-26', 1502, 110.00, 703),
(20323528, '19:30:00', '2023-05-27', 1502, 110.00, 703),
(20323529, '19:30:00', '2023-05-28', 1502, 110.00, 703),
(20323530, '19:30:00', '2023-05-29', 1502, 110.00, 703),
(20323531, '19:30:00', '2023-05-30', 1502, 110.00, 703),
(20323532, '19:30:00', '2023-05-31', 1502, 110.00, 703),
(20423502, '19:30:00', '2023-05-01', 1275, 75.00, 704),
(20423503, '19:30:00', '2023-05-02', 1275, 75.00, 704),
(20423504, '19:30:00', '2023-05-03', 1264, 75.00, 704),
(20423505, '19:30:00', '2023-05-04', 1275, 75.00, 704),
(20423506, '19:30:00', '2023-05-05', 1275, 75.00, 704),
(20423507, '19:30:00', '2023-05-06', 1275, 75.00, 704),
(20423508, '19:30:00', '2023-05-07', 1275, 75.00, 704),
(20423509, '19:30:00', '2023-05-08', 1275, 75.00, 704),
(20423510, '19:30:00', '2023-05-09', 1275, 75.00, 704),
(20423511, '19:30:00', '2023-05-10', 1275, 75.00, 704),
(20423512, '19:30:00', '2023-05-11', 1275, 75.00, 704),
(20423513, '19:30:00', '2023-05-12', 1275, 75.00, 704),
(20423514, '19:30:00', '2023-05-13', 1275, 75.00, 704),
(20423515, '19:30:00', '2023-05-14', 1275, 75.00, 704),
(20423516, '19:30:00', '2023-05-15', 1275, 75.00, 704),
(20423517, '19:30:00', '2023-05-16', 1275, 75.00, 704),
(20423518, '19:30:00', '2023-05-17', 1275, 75.00, 704),
(20423519, '19:30:00', '2023-05-18', 1275, 75.00, 704),
(20423520, '19:30:00', '2023-05-19', 1275, 75.00, 704),
(20423521, '19:30:00', '2023-05-20', 1275, 75.00, 704),
(20423522, '19:30:00', '2023-05-21', 1275, 75.00, 704),
(20423523, '19:30:00', '2023-05-22', 1275, 75.00, 704),
(20423524, '19:30:00', '2023-05-23', 1275, 75.00, 704),
(20423525, '19:30:00', '2023-05-24', 1275, 75.00, 704),
(20423526, '19:30:00', '2023-05-25', 1275, 75.00, 704),
(20423527, '19:30:00', '2023-05-26', 1275, 75.00, 704),
(20423528, '19:30:00', '2023-05-27', 1275, 75.00, 704),
(20423529, '19:30:00', '2023-05-28', 1275, 75.00, 704),
(20423530, '19:30:00', '2023-05-29', 1275, 75.00, 704),
(20423531, '19:30:00', '2023-05-30', 1275, 75.00, 704),
(20423532, '19:30:00', '2023-05-31', 1275, 75.00, 704),
(20523502, '18:00:00', '2023-05-01', 1069, 120.00, 705),
(20523503, '18:00:00', '2023-05-02', 1069, 120.00, 705),
(20523504, '18:00:00', '2023-05-03', 1058, 120.00, 705),
(20523505, '18:00:00', '2023-05-04', 1069, 120.00, 705),
(20523506, '18:00:00', '2023-05-05', 1069, 120.00, 705),
(20523507, '18:00:00', '2023-05-06', 1069, 120.00, 705),
(20523508, '18:00:00', '2023-05-07', 1069, 120.00, 705),
(20523509, '18:00:00', '2023-05-08', 1069, 120.00, 705),
(20523510, '18:00:00', '2023-05-09', 1069, 120.00, 705),
(20523511, '18:00:00', '2023-05-10', 1069, 120.00, 705),
(20523512, '18:00:00', '2023-05-11', 1069, 120.00, 705),
(20523513, '18:00:00', '2023-05-12', 1069, 120.00, 705),
(20523514, '18:00:00', '2023-05-13', 1069, 120.00, 705),
(20523515, '18:00:00', '2023-05-14', 1069, 120.00, 705),
(20523516, '18:00:00', '2023-05-15', 1069, 120.00, 705),
(20523517, '18:00:00', '2023-05-16', 1069, 120.00, 705),
(20523518, '18:00:00', '2023-05-17', 1069, 120.00, 705),
(20523519, '18:00:00', '2023-05-18', 1069, 120.00, 705),
(20523520, '18:00:00', '2023-05-19', 1069, 120.00, 705),
(20523521, '18:00:00', '2023-05-20', 1069, 120.00, 705),
(20523522, '18:00:00', '2023-05-21', 1069, 120.00, 705),
(20523523, '18:00:00', '2023-05-22', 1069, 120.00, 705),
(20523524, '18:00:00', '2023-05-23', 1069, 120.00, 705),
(20523525, '18:00:00', '2023-05-24', 1069, 120.00, 705),
(20523526, '18:00:00', '2023-05-25', 1069, 120.00, 705),
(20523527, '18:00:00', '2023-05-26', 1069, 120.00, 705),
(20523528, '18:00:00', '2023-05-27', 1069, 120.00, 705),
(20523529, '18:00:00', '2023-05-28', 1069, 120.00, 705),
(20523530, '18:00:00', '2023-05-29', 1069, 120.00, 705),
(20523531, '18:00:00', '2023-05-30', 1069, 120.00, 705),
(20523532, '18:00:00', '2023-05-31', 1069, 120.00, 705),
(20623502, '18:00:00', '2023-05-01', 500, 140.00, 706),
(20623503, '18:00:00', '2023-05-02', 500, 140.00, 706),
(20623504, '18:00:00', '2023-05-03', 489, 140.00, 706),
(20623505, '18:00:00', '2023-05-04', 500, 140.00, 706),
(20623506, '18:00:00', '2023-05-05', 500, 140.00, 706),
(20623507, '18:00:00', '2023-05-06', 500, 140.00, 706),
(20623508, '18:00:00', '2023-05-07', 500, 140.00, 706),
(20623509, '18:00:00', '2023-05-08', 500, 140.00, 706),
(20623510, '18:00:00', '2023-05-09', 500, 140.00, 706),
(20623511, '18:00:00', '2023-05-10', 500, 140.00, 706),
(20623512, '18:00:00', '2023-05-11', 500, 140.00, 706),
(20623513, '18:00:00', '2023-05-12', 500, 140.00, 706),
(20623514, '18:00:00', '2023-05-13', 500, 140.00, 706),
(20623515, '18:00:00', '2023-05-14', 500, 140.00, 706),
(20623516, '18:00:00', '2023-05-15', 500, 140.00, 706),
(20623517, '18:00:00', '2023-05-16', 500, 140.00, 706),
(20623518, '18:00:00', '2023-05-17', 500, 140.00, 706),
(20623519, '18:00:00', '2023-05-18', 500, 140.00, 706),
(20623520, '18:00:00', '2023-05-19', 500, 140.00, 706),
(20623521, '18:00:00', '2023-05-20', 500, 140.00, 706),
(20623522, '18:00:00', '2023-05-21', 500, 140.00, 706),
(20623523, '18:00:00', '2023-05-22', 500, 140.00, 706),
(20623524, '18:00:00', '2023-05-23', 500, 140.00, 706),
(20623525, '18:00:00', '2023-05-24', 500, 140.00, 706),
(20623526, '18:00:00', '2023-05-25', 500, 140.00, 706),
(20623527, '18:00:00', '2023-05-26', 500, 140.00, 706),
(20623528, '18:00:00', '2023-05-27', 500, 140.00, 706),
(20623529, '18:00:00', '2023-05-28', 500, 140.00, 706),
(20623530, '18:00:00', '2023-05-29', 500, 140.00, 706),
(20623531, '18:00:00', '2023-05-30', 500, 140.00, 706),
(20623532, '18:00:00', '2023-05-31', 500, 140.00, 706),
(20723502, '18:30:00', '2023-05-01', 1078, 155.00, 707),
(20723503, '18:30:00', '2023-05-02', 1078, 155.00, 707),
(20723504, '18:30:00', '2023-05-03', 1067, 155.00, 707),
(20723505, '18:30:00', '2023-05-04', 1078, 155.00, 707),
(20723506, '18:30:00', '2023-05-05', 1078, 155.00, 707),
(20723507, '18:30:00', '2023-05-06', 1078, 155.00, 707),
(20723508, '18:30:00', '2023-05-07', 1078, 155.00, 707),
(20723509, '18:30:00', '2023-05-08', 1078, 155.00, 707),
(20723510, '18:30:00', '2023-05-09', 1078, 155.00, 707),
(20723511, '18:30:00', '2023-05-10', 1078, 155.00, 707),
(20723512, '18:30:00', '2023-05-11', 1078, 155.00, 707),
(20723513, '18:30:00', '2023-05-12', 1078, 155.00, 707),
(20723514, '18:30:00', '2023-05-13', 1078, 155.00, 707),
(20723515, '18:30:00', '2023-05-14', 1078, 155.00, 707),
(20723516, '18:30:00', '2023-05-15', 1078, 155.00, 707),
(20723517, '18:30:00', '2023-05-16', 1078, 155.00, 707),
(20723518, '18:30:00', '2023-05-17', 1078, 155.00, 707),
(20723519, '18:30:00', '2023-05-18', 1078, 155.00, 707),
(20723520, '18:30:00', '2023-05-19', 1078, 155.00, 707),
(20723521, '18:30:00', '2023-05-20', 1078, 155.00, 707),
(20723522, '18:30:00', '2023-05-21', 1078, 155.00, 707),
(20723523, '18:30:00', '2023-05-22', 1078, 155.00, 707),
(20723524, '18:30:00', '2023-05-23', 1078, 155.00, 707),
(20723525, '18:30:00', '2023-05-24', 1078, 155.00, 707),
(20723526, '18:30:00', '2023-05-25', 1078, 155.00, 707),
(20723527, '18:30:00', '2023-05-26', 1078, 155.00, 707),
(20723528, '18:30:00', '2023-05-27', 1078, 155.00, 707),
(20723529, '18:30:00', '2023-05-28', 1078, 155.00, 707),
(20723530, '18:30:00', '2023-05-29', 1078, 155.00, 707),
(20723531, '18:30:00', '2023-05-30', 1078, 155.00, 707),
(20723532, '18:30:00', '2023-05-31', 1078, 155.00, 707),
(20823502, '19:15:00', '2023-05-01', 1645, 89.00, 708),
(20823503, '19:15:00', '2023-05-02', 1645, 89.00, 708),
(20823504, '19:15:00', '2023-05-03', 1634, 89.00, 708),
(20823505, '19:15:00', '2023-05-04', 1645, 89.00, 708),
(20823506, '19:15:00', '2023-05-05', 1645, 89.00, 708),
(20823507, '19:15:00', '2023-05-06', 1645, 89.00, 708),
(20823508, '19:15:00', '2023-05-07', 1645, 89.00, 708),
(20823509, '19:15:00', '2023-05-08', 1645, 89.00, 708),
(20823510, '19:15:00', '2023-05-09', 1645, 89.00, 708),
(20823511, '19:15:00', '2023-05-10', 1645, 89.00, 708),
(20823512, '19:15:00', '2023-05-11', 1645, 89.00, 708),
(20823513, '19:15:00', '2023-05-12', 1645, 89.00, 708),
(20823514, '19:15:00', '2023-05-13', 1645, 89.00, 708),
(20823515, '19:15:00', '2023-05-14', 1645, 89.00, 708),
(20823516, '19:15:00', '2023-05-15', 1645, 89.00, 708),
(20823517, '19:15:00', '2023-05-16', 1645, 89.00, 708),
(20823518, '19:15:00', '2023-05-17', 1645, 89.00, 708),
(20823519, '19:15:00', '2023-05-18', 1645, 89.00, 708),
(20823520, '19:15:00', '2023-05-19', 1645, 89.00, 708),
(20823521, '19:15:00', '2023-05-20', 1645, 89.00, 708),
(20823522, '19:15:00', '2023-05-21', 1645, 89.00, 708),
(20823523, '19:15:00', '2023-05-22', 1645, 89.00, 708),
(20823524, '19:15:00', '2023-05-23', 1645, 89.00, 708),
(20823525, '19:15:00', '2023-05-24', 1645, 89.00, 708),
(20823526, '19:15:00', '2023-05-25', 1645, 89.00, 708),
(20823527, '19:15:00', '2023-05-26', 1645, 89.00, 708),
(20823528, '19:15:00', '2023-05-27', 1645, 89.00, 708),
(20823529, '19:15:00', '2023-05-28', 1645, 89.00, 708),
(20823530, '19:15:00', '2023-05-29', 1645, 89.00, 708),
(20823531, '19:15:00', '2023-05-30', 1645, 89.00, 708),
(20823532, '19:15:00', '2023-05-31', 1645, 89.00, 708),
(20923502, '19:45:00', '2023-05-01', 1417, 110.00, 709),
(20923503, '19:45:00', '2023-05-02', 1417, 110.00, 709),
(20923504, '19:45:00', '2023-05-03', 1406, 110.00, 709),
(20923505, '19:45:00', '2023-05-04', 1417, 110.00, 709),
(20923506, '19:45:00', '2023-05-05', 1417, 110.00, 709),
(20923507, '19:45:00', '2023-05-06', 1417, 110.00, 709),
(20923508, '19:45:00', '2023-05-07', 1417, 110.00, 709),
(20923509, '19:45:00', '2023-05-08', 1417, 110.00, 709),
(20923510, '19:45:00', '2023-05-09', 1417, 110.00, 709),
(20923511, '19:45:00', '2023-05-10', 1417, 110.00, 709),
(20923512, '19:45:00', '2023-05-11', 1417, 110.00, 709),
(20923513, '19:45:00', '2023-05-12', 1417, 110.00, 709),
(20923514, '19:45:00', '2023-05-13', 1417, 110.00, 709),
(20923515, '19:45:00', '2023-05-14', 1417, 110.00, 709),
(20923516, '19:45:00', '2023-05-15', 1417, 110.00, 709),
(20923517, '19:45:00', '2023-05-16', 1417, 110.00, 709),
(20923518, '19:45:00', '2023-05-17', 1417, 110.00, 709),
(20923519, '19:45:00', '2023-05-18', 1417, 110.00, 709),
(20923520, '19:45:00', '2023-05-19', 1417, 110.00, 709),
(20923521, '19:45:00', '2023-05-20', 1417, 110.00, 709),
(20923522, '19:45:00', '2023-05-21', 1417, 110.00, 709),
(20923523, '19:45:00', '2023-05-22', 1417, 110.00, 709),
(20923524, '19:45:00', '2023-05-23', 1417, 110.00, 709),
(20923525, '19:45:00', '2023-05-24', 1417, 110.00, 709),
(20923526, '19:45:00', '2023-05-25', 1417, 110.00, 709),
(20923527, '19:45:00', '2023-05-26', 1417, 110.00, 709),
(20923528, '19:45:00', '2023-05-27', 1417, 110.00, 709),
(20923529, '19:45:00', '2023-05-28', 1417, 110.00, 709),
(20923530, '19:45:00', '2023-05-29', 1417, 110.00, 709),
(20923531, '19:45:00', '2023-05-30', 1417, 110.00, 709),
(20923532, '19:45:00', '2023-05-31', 1417, 110.00, 709),
(21023502, '20:00:00', '2023-05-01', 1055, 99.00, 710),
(21023503, '20:00:00', '2023-05-02', 1055, 99.00, 710),
(21023504, '20:00:00', '2023-05-03', 1044, 99.00, 710),
(21023505, '20:00:00', '2023-05-04', 1055, 99.00, 710),
(21023506, '20:00:00', '2023-05-05', 1055, 99.00, 710),
(21023507, '20:00:00', '2023-05-06', 1055, 99.00, 710),
(21023508, '20:00:00', '2023-05-07', 1055, 99.00, 710),
(21023509, '20:00:00', '2023-05-08', 1055, 99.00, 710),
(21023510, '20:00:00', '2023-05-09', 1055, 99.00, 710),
(21023511, '20:00:00', '2023-05-10', 1055, 99.00, 710),
(21023512, '20:00:00', '2023-05-11', 1055, 99.00, 710),
(21023513, '20:00:00', '2023-05-12', 1055, 99.00, 710),
(21023514, '20:00:00', '2023-05-13', 1055, 99.00, 710),
(21023515, '20:00:00', '2023-05-14', 1055, 99.00, 710),
(21023516, '20:00:00', '2023-05-15', 1055, 99.00, 710),
(21023517, '20:00:00', '2023-05-16', 1055, 99.00, 710),
(21023518, '20:00:00', '2023-05-17', 1055, 99.00, 710),
(21023519, '20:00:00', '2023-05-18', 1055, 99.00, 710),
(21023520, '20:00:00', '2023-05-19', 1055, 99.00, 710),
(21023521, '20:00:00', '2023-05-20', 1055, 99.00, 710),
(21023522, '20:00:00', '2023-05-21', 1055, 99.00, 710),
(21023523, '20:00:00', '2023-05-22', 1055, 99.00, 710),
(21023524, '20:00:00', '2023-05-23', 1055, 99.00, 710),
(21023525, '20:00:00', '2023-05-24', 1055, 99.00, 710),
(21023526, '20:00:00', '2023-05-25', 1055, 99.00, 710),
(21023527, '20:00:00', '2023-05-26', 1055, 99.00, 710),
(21023528, '20:00:00', '2023-05-27', 1055, 99.00, 710),
(21023529, '20:00:00', '2023-05-28', 1055, 99.00, 710),
(21023530, '20:00:00', '2023-05-29', 1055, 99.00, 710),
(21023531, '20:00:00', '2023-05-30', 1055, 99.00, 710),
(21023532, '20:00:00', '2023-05-31', 1055, 99.00, 710),
(21123502, '20:00:00', '2023-05-01', 1156, 117.00, 711),
(21123503, '20:00:00', '2023-05-02', 1156, 117.00, 711),
(21123504, '20:00:00', '2023-05-03', 1145, 117.00, 711),
(21123505, '20:00:00', '2023-05-04', 1156, 117.00, 711),
(21123506, '20:00:00', '2023-05-05', 1156, 117.00, 711),
(21123507, '20:00:00', '2023-05-06', 1156, 117.00, 711),
(21123508, '20:00:00', '2023-05-07', 1156, 117.00, 711),
(21123509, '20:00:00', '2023-05-08', 1156, 117.00, 711),
(21123510, '20:00:00', '2023-05-09', 1156, 117.00, 711),
(21123511, '20:00:00', '2023-05-10', 1156, 117.00, 711),
(21123512, '20:00:00', '2023-05-11', 1156, 117.00, 711),
(21123513, '20:00:00', '2023-05-12', 1156, 117.00, 711),
(21123514, '20:00:00', '2023-05-13', 1156, 117.00, 711),
(21123515, '20:00:00', '2023-05-14', 1156, 117.00, 711),
(21123516, '20:00:00', '2023-05-15', 1156, 117.00, 711),
(21123517, '20:00:00', '2023-05-16', 1156, 117.00, 711),
(21123518, '20:00:00', '2023-05-17', 1156, 117.00, 711),
(21123519, '20:00:00', '2023-05-18', 1156, 117.00, 711),
(21123520, '20:00:00', '2023-05-19', 1156, 117.00, 711),
(21123521, '20:00:00', '2023-05-20', 1156, 117.00, 711),
(21123522, '20:00:00', '2023-05-21', 1156, 117.00, 711),
(21123523, '20:00:00', '2023-05-22', 1156, 117.00, 711),
(21123524, '20:00:00', '2023-05-23', 1156, 117.00, 711),
(21123525, '20:00:00', '2023-05-24', 1156, 117.00, 711),
(21123526, '20:00:00', '2023-05-25', 1156, 117.00, 711),
(21123527, '20:00:00', '2023-05-26', 1156, 117.00, 711),
(21123528, '20:00:00', '2023-05-27', 1156, 117.00, 711),
(21123529, '20:00:00', '2023-05-28', 1156, 117.00, 711),
(21123530, '20:00:00', '2023-05-29', 1156, 117.00, 711),
(21123531, '20:00:00', '2023-05-30', 1156, 117.00, 711),
(21123532, '20:00:00', '2023-05-31', 1156, 117.00, 711),
(21223502, '19:00:00', '2023-05-01', 1710, 90.00, 712),
(21223503, '19:00:00', '2023-05-02', 1710, 90.00, 712),
(21223504, '19:00:00', '2023-05-03', 1699, 90.00, 712),
(21223505, '19:00:00', '2023-05-04', 1710, 90.00, 712),
(21223506, '19:00:00', '2023-05-05', 1710, 90.00, 712),
(21223507, '19:00:00', '2023-05-06', 1710, 90.00, 712),
(21223508, '19:00:00', '2023-05-07', 1710, 90.00, 712),
(21223509, '19:00:00', '2023-05-08', 1710, 90.00, 712),
(21223510, '19:00:00', '2023-05-09', 1710, 90.00, 712),
(21223511, '19:00:00', '2023-05-10', 1710, 90.00, 712),
(21223512, '19:00:00', '2023-05-11', 1710, 90.00, 712),
(21223513, '19:00:00', '2023-05-12', 1710, 90.00, 712),
(21223514, '19:00:00', '2023-05-13', 1710, 90.00, 712),
(21223515, '19:00:00', '2023-05-14', 1710, 90.00, 712),
(21223516, '19:00:00', '2023-05-15', 1710, 90.00, 712),
(21223517, '19:00:00', '2023-05-16', 1710, 90.00, 712),
(21223518, '19:00:00', '2023-05-17', 1710, 90.00, 712),
(21223519, '19:00:00', '2023-05-18', 1710, 90.00, 712),
(21223520, '19:00:00', '2023-05-19', 1710, 90.00, 712),
(21223521, '19:00:00', '2023-05-20', 1710, 90.00, 712),
(21223522, '19:00:00', '2023-05-21', 1710, 90.00, 712),
(21223523, '19:00:00', '2023-05-22', 1710, 90.00, 712),
(21223524, '19:00:00', '2023-05-23', 1710, 90.00, 712),
(21223525, '19:00:00', '2023-05-24', 1710, 90.00, 712),
(21223526, '19:00:00', '2023-05-25', 1710, 90.00, 712),
(21223527, '19:00:00', '2023-05-26', 1710, 90.00, 712),
(21223528, '19:00:00', '2023-05-27', 1710, 90.00, 712),
(21223529, '19:00:00', '2023-05-28', 1710, 90.00, 712),
(21223530, '19:00:00', '2023-05-29', 1710, 90.00, 712),
(21223531, '19:00:00', '2023-05-30', 1710, 90.00, 712),
(21223532, '19:00:00', '2023-05-31', 1710, 90.00, 712),
(21323502, '19:15:00', '2023-05-01', 1025, 87.00, 713),
(21323503, '19:15:00', '2023-05-02', 1025, 87.00, 713),
(21323504, '19:15:00', '2023-05-03', 1014, 87.00, 713),
(21323505, '19:15:00', '2023-05-04', 1025, 87.00, 713),
(21323506, '19:15:00', '2023-05-05', 1025, 87.00, 713),
(21323507, '19:15:00', '2023-05-06', 1025, 87.00, 713),
(21323508, '19:15:00', '2023-05-07', 1025, 87.00, 713),
(21323509, '19:15:00', '2023-05-08', 1025, 87.00, 713),
(21323510, '19:15:00', '2023-05-09', 1025, 87.00, 713),
(21323511, '19:15:00', '2023-05-10', 1025, 87.00, 713),
(21323512, '19:15:00', '2023-05-11', 1025, 87.00, 713),
(21323513, '19:15:00', '2023-05-12', 1025, 87.00, 713),
(21323514, '19:15:00', '2023-05-13', 1025, 87.00, 713),
(21323515, '19:15:00', '2023-05-14', 1025, 87.00, 713),
(21323516, '19:15:00', '2023-05-15', 1025, 87.00, 713),
(21323517, '19:15:00', '2023-05-16', 1025, 87.00, 713),
(21323518, '19:15:00', '2023-05-17', 1025, 87.00, 713),
(21323519, '19:15:00', '2023-05-18', 1025, 87.00, 713),
(21323520, '19:15:00', '2023-05-19', 1025, 87.00, 713),
(21323521, '19:15:00', '2023-05-20', 1025, 87.00, 713),
(21323522, '19:15:00', '2023-05-21', 1025, 87.00, 713),
(21323523, '19:15:00', '2023-05-22', 1025, 87.00, 713),
(21323524, '19:15:00', '2023-05-23', 1025, 87.00, 713),
(21323525, '19:15:00', '2023-05-24', 1025, 87.00, 713),
(21323526, '19:15:00', '2023-05-25', 1025, 87.00, 713),
(21323527, '19:15:00', '2023-05-26', 1025, 87.00, 713),
(21323528, '19:15:00', '2023-05-27', 1025, 87.00, 713),
(21323529, '19:15:00', '2023-05-28', 1025, 87.00, 713),
(21323530, '19:15:00', '2023-05-29', 1025, 87.00, 713),
(21323531, '19:15:00', '2023-05-30', 1025, 87.00, 713),
(21323532, '19:15:00', '2023-05-31', 1025, 87.00, 713),
(21423502, '19:30:00', '2023-05-01', 1504, 97.00, 714),
(21423503, '19:30:00', '2023-05-02', 1504, 97.00, 714),
(21423504, '19:30:00', '2023-05-03', 1493, 97.00, 714),
(21423505, '19:30:00', '2023-05-04', 1504, 97.00, 714),
(21423506, '19:30:00', '2023-05-05', 1504, 97.00, 714),
(21423507, '19:30:00', '2023-05-06', 1504, 97.00, 714),
(21423508, '19:30:00', '2023-05-07', 1504, 97.00, 714),
(21423509, '19:30:00', '2023-05-08', 1504, 97.00, 714),
(21423510, '19:30:00', '2023-05-09', 1504, 97.00, 714),
(21423511, '19:30:00', '2023-05-10', 1504, 97.00, 714),
(21423512, '19:30:00', '2023-05-11', 1504, 97.00, 714),
(21423513, '19:30:00', '2023-05-12', 1504, 97.00, 714),
(21423514, '19:30:00', '2023-05-13', 1504, 97.00, 714),
(21423515, '19:30:00', '2023-05-14', 1504, 97.00, 714),
(21423516, '19:30:00', '2023-05-15', 1504, 97.00, 714),
(21423517, '19:30:00', '2023-05-16', 1504, 97.00, 714),
(21423518, '19:30:00', '2023-05-17', 1504, 97.00, 714),
(21423519, '19:30:00', '2023-05-18', 1504, 97.00, 714),
(21423520, '19:30:00', '2023-05-19', 1504, 97.00, 714),
(21423521, '19:30:00', '2023-05-20', 1504, 97.00, 714),
(21423522, '19:30:00', '2023-05-21', 1504, 97.00, 714),
(21423523, '19:30:00', '2023-05-22', 1504, 97.00, 714),
(21423524, '19:30:00', '2023-05-23', 1504, 97.00, 714),
(21423525, '19:30:00', '2023-05-24', 1504, 97.00, 714),
(21423526, '19:30:00', '2023-05-25', 1504, 97.00, 714),
(21423527, '19:30:00', '2023-05-26', 1504, 97.00, 714),
(21423528, '19:30:00', '2023-05-27', 1504, 97.00, 714),
(21423529, '19:30:00', '2023-05-28', 1504, 97.00, 714),
(21423530, '19:30:00', '2023-05-29', 1504, 97.00, 714),
(21423531, '19:30:00', '2023-05-30', 1504, 97.00, 714),
(21423532, '19:30:00', '2023-05-31', 1504, 97.00, 714),
(21523502, '19:45:00', '2023-05-01', 1319, 136.00, 715),
(21523503, '19:45:00', '2023-05-02', 1319, 136.00, 715),
(21523504, '19:45:00', '2023-05-03', 1308, 136.00, 715),
(21523505, '19:45:00', '2023-05-04', 1319, 136.00, 715),
(21523506, '19:45:00', '2023-05-05', 1319, 136.00, 715),
(21523507, '19:45:00', '2023-05-06', 1319, 136.00, 715),
(21523508, '19:45:00', '2023-05-07', 1319, 136.00, 715),
(21523509, '19:45:00', '2023-05-08', 1319, 136.00, 715),
(21523510, '19:45:00', '2023-05-09', 1319, 136.00, 715),
(21523511, '19:45:00', '2023-05-10', 1319, 136.00, 715),
(21523512, '19:45:00', '2023-05-11', 1319, 136.00, 715),
(21523513, '19:45:00', '2023-05-12', 1319, 136.00, 715),
(21523514, '19:45:00', '2023-05-13', 1319, 136.00, 715),
(21523515, '19:45:00', '2023-05-14', 1319, 136.00, 715),
(21523516, '19:45:00', '2023-05-15', 1319, 136.00, 715),
(21523517, '19:45:00', '2023-05-16', 1319, 136.00, 715),
(21523518, '19:45:00', '2023-05-17', 1319, 136.00, 715),
(21523519, '19:45:00', '2023-05-18', 1319, 136.00, 715),
(21523520, '19:45:00', '2023-05-19', 1319, 136.00, 715),
(21523521, '19:45:00', '2023-05-20', 1319, 136.00, 715),
(21523522, '19:45:00', '2023-05-21', 1319, 136.00, 715),
(21523523, '19:45:00', '2023-05-22', 1319, 136.00, 715),
(21523524, '19:45:00', '2023-05-23', 1319, 136.00, 715),
(21523525, '19:45:00', '2023-05-24', 1319, 136.00, 715),
(21523526, '19:45:00', '2023-05-25', 1319, 136.00, 715),
(21523527, '19:45:00', '2023-05-26', 1319, 136.00, 715),
(21523528, '19:45:00', '2023-05-27', 1319, 136.00, 715),
(21523529, '19:45:00', '2023-05-28', 1319, 136.00, 715),
(21523530, '19:45:00', '2023-05-29', 1319, 136.00, 715),
(21523531, '19:45:00', '2023-05-30', 1319, 136.00, 715),
(21523532, '19:45:00', '2023-05-31', 1319, 136.00, 715),
(21623502, '20:00:00', '2023-05-01', 1702, 156.00, 716),
(21623503, '20:00:00', '2023-05-02', 1702, 156.00, 716),
(21623504, '20:00:00', '2023-05-03', 1691, 156.00, 716),
(21623505, '20:00:00', '2023-05-04', 1702, 156.00, 716),
(21623506, '20:00:00', '2023-05-05', 1702, 156.00, 716),
(21623507, '20:00:00', '2023-05-06', 1702, 156.00, 716),
(21623508, '20:00:00', '2023-05-07', 1702, 156.00, 716),
(21623509, '20:00:00', '2023-05-08', 1702, 156.00, 716),
(21623510, '20:00:00', '2023-05-09', 1702, 156.00, 716),
(21623511, '20:00:00', '2023-05-10', 1702, 156.00, 716),
(21623512, '20:00:00', '2023-05-11', 1702, 156.00, 716),
(21623513, '20:00:00', '2023-05-12', 1702, 156.00, 716),
(21623514, '20:00:00', '2023-05-13', 1702, 156.00, 716),
(21623515, '20:00:00', '2023-05-14', 1702, 156.00, 716),
(21623516, '20:00:00', '2023-05-15', 1702, 156.00, 716),
(21623517, '20:00:00', '2023-05-16', 1702, 156.00, 716),
(21623518, '20:00:00', '2023-05-17', 1702, 156.00, 716),
(21623519, '20:00:00', '2023-05-18', 1702, 156.00, 716),
(21623520, '20:00:00', '2023-05-19', 1702, 156.00, 716),
(21623521, '20:00:00', '2023-05-20', 1702, 156.00, 716),
(21623522, '20:00:00', '2023-05-21', 1702, 156.00, 716),
(21623523, '20:00:00', '2023-05-22', 1702, 156.00, 716),
(21623524, '20:00:00', '2023-05-23', 1702, 156.00, 716),
(21623525, '20:00:00', '2023-05-24', 1702, 156.00, 716),
(21623526, '20:00:00', '2023-05-25', 1702, 156.00, 716),
(21623527, '20:00:00', '2023-05-26', 1702, 156.00, 716),
(21623528, '20:00:00', '2023-05-27', 1702, 156.00, 716),
(21623529, '20:00:00', '2023-05-28', 1702, 156.00, 716),
(21623530, '20:00:00', '2023-05-29', 1702, 156.00, 716),
(21623531, '20:00:00', '2023-05-30', 1702, 156.00, 716),
(21623532, '20:00:00', '2023-05-31', 1702, 156.00, 716),
(21723502, '20:15:00', '2023-05-01', 1933, 88.00, 717),
(21723503, '20:15:00', '2023-05-02', 1933, 88.00, 717),
(21723504, '20:15:00', '2023-05-03', 1922, 88.00, 717),
(21723505, '20:15:00', '2023-05-04', 1933, 88.00, 717),
(21723506, '20:15:00', '2023-05-05', 1933, 88.00, 717),
(21723507, '20:15:00', '2023-05-06', 1933, 88.00, 717),
(21723508, '20:15:00', '2023-05-07', 1933, 88.00, 717),
(21723509, '20:15:00', '2023-05-08', 1933, 88.00, 717),
(21723510, '20:15:00', '2023-05-09', 1933, 88.00, 717),
(21723511, '20:15:00', '2023-05-10', 1933, 88.00, 717),
(21723512, '20:15:00', '2023-05-11', 1933, 88.00, 717),
(21723513, '20:15:00', '2023-05-12', 1933, 88.00, 717),
(21723514, '20:15:00', '2023-05-13', 1933, 88.00, 717),
(21723515, '20:15:00', '2023-05-14', 1933, 88.00, 717),
(21723516, '20:15:00', '2023-05-15', 1933, 88.00, 717),
(21723517, '20:15:00', '2023-05-16', 1933, 88.00, 717),
(21723518, '20:15:00', '2023-05-17', 1933, 88.00, 717),
(21723519, '20:15:00', '2023-05-18', 1933, 88.00, 717),
(21723520, '20:15:00', '2023-05-19', 1933, 88.00, 717),
(21723521, '20:15:00', '2023-05-20', 1933, 88.00, 717),
(21723522, '20:15:00', '2023-05-21', 1933, 88.00, 717),
(21723523, '20:15:00', '2023-05-22', 1933, 88.00, 717),
(21723524, '20:15:00', '2023-05-23', 1933, 88.00, 717),
(21723525, '20:15:00', '2023-05-24', 1933, 88.00, 717),
(21723526, '20:15:00', '2023-05-25', 1933, 88.00, 717),
(21723527, '20:15:00', '2023-05-26', 1933, 88.00, 717),
(21723528, '20:15:00', '2023-05-27', 1933, 88.00, 717),
(21723529, '20:15:00', '2023-05-28', 1933, 88.00, 717),
(21723530, '20:15:00', '2023-05-29', 1933, 88.00, 717),
(21723531, '20:15:00', '2023-05-30', 1933, 88.00, 717),
(21723532, '20:15:00', '2023-05-31', 1933, 88.00, 717),
(21823502, '20:10:00', '2023-05-01', 975, 113.00, 718),
(21823503, '20:10:00', '2023-05-02', 975, 113.00, 718),
(21823504, '20:10:00', '2023-05-03', 964, 113.00, 718),
(21823505, '20:10:00', '2023-05-04', 975, 113.00, 718),
(21823506, '20:10:00', '2023-05-05', 975, 113.00, 718),
(21823507, '20:10:00', '2023-05-06', 975, 113.00, 718),
(21823508, '20:10:00', '2023-05-07', 975, 113.00, 718),
(21823509, '20:10:00', '2023-05-08', 975, 113.00, 718),
(21823510, '20:10:00', '2023-05-09', 975, 113.00, 718),
(21823511, '20:10:00', '2023-05-10', 975, 113.00, 718),
(21823512, '20:10:00', '2023-05-11', 975, 113.00, 718),
(21823513, '20:10:00', '2023-05-12', 975, 113.00, 718),
(21823514, '20:10:00', '2023-05-13', 975, 113.00, 718),
(21823515, '20:10:00', '2023-05-14', 975, 113.00, 718),
(21823516, '20:10:00', '2023-05-15', 975, 113.00, 718),
(21823517, '20:10:00', '2023-05-16', 975, 113.00, 718),
(21823518, '20:10:00', '2023-05-17', 975, 113.00, 718),
(21823519, '20:10:00', '2023-05-18', 975, 113.00, 718),
(21823520, '20:10:00', '2023-05-19', 975, 113.00, 718),
(21823521, '20:10:00', '2023-05-20', 975, 113.00, 718),
(21823522, '20:10:00', '2023-05-21', 975, 113.00, 718),
(21823523, '20:10:00', '2023-05-22', 975, 113.00, 718),
(21823524, '20:10:00', '2023-05-23', 975, 113.00, 718),
(21823525, '20:10:00', '2023-05-24', 975, 113.00, 718),
(21823526, '20:10:00', '2023-05-25', 975, 113.00, 718),
(21823527, '20:10:00', '2023-05-26', 975, 113.00, 718),
(21823528, '20:10:00', '2023-05-27', 975, 113.00, 718),
(21823529, '20:10:00', '2023-05-28', 975, 113.00, 718),
(21823530, '20:10:00', '2023-05-29', 975, 113.00, 718),
(21823531, '20:10:00', '2023-05-30', 975, 113.00, 718),
(21823532, '20:10:00', '2023-05-31', 975, 113.00, 718),
(21923502, '18:00:00', '2023-05-01', 1077, 126.00, 719),
(21923503, '18:00:00', '2023-05-02', 1077, 126.00, 719),
(21923504, '18:00:00', '2023-05-03', 1066, 126.00, 719),
(21923505, '18:00:00', '2023-05-04', 1077, 126.00, 719),
(21923506, '18:00:00', '2023-05-05', 1077, 126.00, 719),
(21923507, '18:00:00', '2023-05-06', 1077, 126.00, 719),
(21923508, '18:00:00', '2023-05-07', 1077, 126.00, 719),
(21923509, '18:00:00', '2023-05-08', 1077, 126.00, 719),
(21923510, '18:00:00', '2023-05-09', 1077, 126.00, 719),
(21923511, '18:00:00', '2023-05-10', 1077, 126.00, 719),
(21923512, '18:00:00', '2023-05-11', 1077, 126.00, 719),
(21923513, '18:00:00', '2023-05-12', 1077, 126.00, 719),
(21923514, '18:00:00', '2023-05-13', 1077, 126.00, 719),
(21923515, '18:00:00', '2023-05-14', 1077, 126.00, 719),
(21923516, '18:00:00', '2023-05-15', 1077, 126.00, 719),
(21923517, '18:00:00', '2023-05-16', 1077, 126.00, 719),
(21923518, '18:00:00', '2023-05-17', 1077, 126.00, 719),
(21923519, '18:00:00', '2023-05-18', 1077, 126.00, 719),
(21923520, '18:00:00', '2023-05-19', 1077, 126.00, 719),
(21923521, '18:00:00', '2023-05-20', 1077, 126.00, 719),
(21923522, '18:00:00', '2023-05-21', 1077, 126.00, 719),
(21923523, '18:00:00', '2023-05-22', 1077, 126.00, 719),
(21923524, '18:00:00', '2023-05-23', 1077, 126.00, 719),
(21923525, '18:00:00', '2023-05-24', 1077, 126.00, 719),
(21923526, '18:00:00', '2023-05-25', 1077, 126.00, 719),
(21923527, '18:00:00', '2023-05-26', 1077, 126.00, 719),
(21923528, '18:00:00', '2023-05-27', 1077, 126.00, 719),
(21923529, '18:00:00', '2023-05-28', 1077, 126.00, 719),
(21923530, '18:00:00', '2023-05-29', 1077, 126.00, 719),
(21923531, '18:00:00', '2023-05-30', 1077, 126.00, 719),
(21923532, '18:00:00', '2023-05-31', 1077, 126.00, 719),
(22023502, '18:30:00', '2023-05-01', 1125, 93.00, 720),
(22023503, '18:30:00', '2023-05-02', 1125, 93.00, 720),
(22023504, '18:30:00', '2023-05-03', 1114, 93.00, 720),
(22023505, '18:30:00', '2023-05-04', 1125, 93.00, 720),
(22023506, '18:30:00', '2023-05-05', 1125, 93.00, 720),
(22023507, '18:30:00', '2023-05-06', 1125, 93.00, 720),
(22023508, '18:30:00', '2023-05-07', 1125, 93.00, 720),
(22023509, '18:30:00', '2023-05-08', 1125, 93.00, 720),
(22023510, '18:30:00', '2023-05-09', 1125, 93.00, 720),
(22023511, '18:30:00', '2023-05-10', 1125, 93.00, 720),
(22023512, '18:30:00', '2023-05-11', 1125, 93.00, 720),
(22023513, '18:30:00', '2023-05-12', 1125, 93.00, 720),
(22023514, '18:30:00', '2023-05-13', 1125, 93.00, 720),
(22023515, '18:30:00', '2023-05-14', 1125, 93.00, 720),
(22023516, '18:30:00', '2023-05-15', 1125, 93.00, 720),
(22023517, '18:30:00', '2023-05-16', 1125, 93.00, 720),
(22023518, '18:30:00', '2023-05-17', 1125, 93.00, 720),
(22023519, '18:30:00', '2023-05-18', 1125, 93.00, 720),
(22023520, '18:30:00', '2023-05-19', 1125, 93.00, 720),
(22023521, '18:30:00', '2023-05-20', 1125, 93.00, 720),
(22023522, '18:30:00', '2023-05-21', 1125, 93.00, 720),
(22023523, '18:30:00', '2023-05-22', 1125, 93.00, 720),
(22023524, '18:30:00', '2023-05-23', 1125, 93.00, 720),
(22023525, '18:30:00', '2023-05-24', 1125, 93.00, 720),
(22023526, '18:30:00', '2023-05-25', 1125, 93.00, 720),
(22023527, '18:30:00', '2023-05-26', 1125, 93.00, 720),
(22023528, '18:30:00', '2023-05-27', 1125, 93.00, 720),
(22023529, '18:30:00', '2023-05-28', 1125, 93.00, 720),
(22023530, '18:30:00', '2023-05-29', 1125, 93.00, 720),
(22023531, '18:30:00', '2023-05-30', 1125, 93.00, 720),
(22023532, '18:30:00', '2023-05-31', 1125, 93.00, 720),
(22123502, '19:30:00', '2023-05-01', 1080, 106.00, 721),
(22123503, '19:30:00', '2023-05-02', 1080, 106.00, 721),
(22123504, '19:30:00', '2023-05-03', 1069, 106.00, 721),
(22123505, '19:30:00', '2023-05-04', 1080, 106.00, 721),
(22123506, '19:30:00', '2023-05-05', 1080, 106.00, 721),
(22123507, '19:30:00', '2023-05-06', 1080, 106.00, 721),
(22123508, '19:30:00', '2023-05-07', 1080, 106.00, 721),
(22123509, '19:30:00', '2023-05-08', 1080, 106.00, 721),
(22123510, '19:30:00', '2023-05-09', 1080, 106.00, 721),
(22123511, '19:30:00', '2023-05-10', 1080, 106.00, 721),
(22123512, '19:30:00', '2023-05-11', 1080, 106.00, 721),
(22123513, '19:30:00', '2023-05-12', 1080, 106.00, 721),
(22123514, '19:30:00', '2023-05-13', 1080, 106.00, 721),
(22123515, '19:30:00', '2023-05-14', 1080, 106.00, 721),
(22123516, '19:30:00', '2023-05-15', 1080, 106.00, 721),
(22123517, '19:30:00', '2023-05-16', 1080, 106.00, 721),
(22123518, '19:30:00', '2023-05-17', 1080, 106.00, 721),
(22123519, '19:30:00', '2023-05-18', 1080, 106.00, 721),
(22123520, '19:30:00', '2023-05-19', 1080, 106.00, 721),
(22123521, '19:30:00', '2023-05-20', 1080, 106.00, 721),
(22123522, '19:30:00', '2023-05-21', 1080, 106.00, 721),
(22123523, '19:30:00', '2023-05-22', 1080, 106.00, 721),
(22123524, '19:30:00', '2023-05-23', 1080, 106.00, 721),
(22123525, '19:30:00', '2023-05-24', 1080, 106.00, 721),
(22123526, '19:30:00', '2023-05-25', 1080, 106.00, 721),
(22123527, '19:30:00', '2023-05-26', 1080, 106.00, 721),
(22123528, '19:30:00', '2023-05-27', 1080, 106.00, 721),
(22123529, '19:30:00', '2023-05-28', 1080, 106.00, 721),
(22123530, '19:30:00', '2023-05-29', 1080, 106.00, 721),
(22123531, '19:30:00', '2023-05-30', 1080, 106.00, 721),
(22123532, '19:30:00', '2023-05-31', 1080, 106.00, 721),
(22223502, '19:45:00', '2023-05-01', 1080, 55.00, 722),
(22223503, '19:45:00', '2023-05-02', 1080, 55.00, 722),
(22223504, '19:45:00', '2023-05-03', 1069, 55.00, 722),
(22223505, '19:45:00', '2023-05-04', 1080, 55.00, 722),
(22223506, '19:45:00', '2023-05-05', 1080, 55.00, 722),
(22223507, '19:45:00', '2023-05-06', 1080, 55.00, 722),
(22223508, '19:45:00', '2023-05-07', 1080, 55.00, 722),
(22223509, '19:45:00', '2023-05-08', 1080, 55.00, 722),
(22223510, '19:45:00', '2023-05-09', 1080, 55.00, 722),
(22223511, '19:45:00', '2023-05-10', 1080, 55.00, 722),
(22223512, '19:45:00', '2023-05-11', 1080, 55.00, 722),
(22223513, '19:45:00', '2023-05-12', 1080, 55.00, 722),
(22223514, '19:45:00', '2023-05-13', 1080, 55.00, 722),
(22223515, '19:45:00', '2023-05-14', 1080, 55.00, 722),
(22223516, '19:45:00', '2023-05-15', 1080, 55.00, 722),
(22223517, '19:45:00', '2023-05-16', 1080, 55.00, 722),
(22223518, '19:45:00', '2023-05-17', 1080, 55.00, 722),
(22223519, '19:45:00', '2023-05-18', 1080, 55.00, 722),
(22223520, '19:45:00', '2023-05-19', 1080, 55.00, 722),
(22223521, '19:45:00', '2023-05-20', 1080, 55.00, 722),
(22223522, '19:45:00', '2023-05-21', 1080, 55.00, 722),
(22223523, '19:45:00', '2023-05-22', 1080, 55.00, 722),
(22223524, '19:45:00', '2023-05-23', 1080, 55.00, 722),
(22223525, '19:45:00', '2023-05-24', 1080, 55.00, 722),
(22223526, '19:45:00', '2023-05-25', 1080, 55.00, 722),
(22223527, '19:45:00', '2023-05-26', 1080, 55.00, 722),
(22223528, '19:45:00', '2023-05-27', 1080, 55.00, 722),
(22223529, '19:45:00', '2023-05-28', 1080, 55.00, 722),
(22223530, '19:45:00', '2023-05-29', 1080, 55.00, 722),
(22223531, '19:45:00', '2023-05-30', 1080, 55.00, 722),
(22223532, '19:45:00', '2023-05-31', 1080, 55.00, 722),
(22323502, '20:15:00', '2023-05-01', 1424, 76.00, 723),
(22323503, '20:15:00', '2023-05-02', 1424, 76.00, 723),
(22323504, '20:15:00', '2023-05-03', 1413, 76.00, 723),
(22323505, '20:15:00', '2023-05-04', 1424, 76.00, 723),
(22323506, '20:15:00', '2023-05-05', 1424, 76.00, 723),
(22323507, '20:15:00', '2023-05-06', 1424, 76.00, 723),
(22323508, '20:15:00', '2023-05-07', 1424, 76.00, 723),
(22323509, '20:15:00', '2023-05-08', 1424, 76.00, 723),
(22323510, '20:15:00', '2023-05-09', 1424, 76.00, 723),
(22323511, '20:15:00', '2023-05-10', 1424, 76.00, 723),
(22323512, '20:15:00', '2023-05-11', 1424, 76.00, 723),
(22323513, '20:15:00', '2023-05-12', 1424, 76.00, 723),
(22323514, '20:15:00', '2023-05-13', 1424, 76.00, 723),
(22323515, '20:15:00', '2023-05-14', 1424, 76.00, 723),
(22323516, '20:15:00', '2023-05-15', 1424, 76.00, 723),
(22323517, '20:15:00', '2023-05-16', 1424, 76.00, 723),
(22323518, '20:15:00', '2023-05-17', 1424, 76.00, 723),
(22323519, '20:15:00', '2023-05-18', 1424, 76.00, 723),
(22323520, '20:15:00', '2023-05-19', 1424, 76.00, 723),
(22323521, '20:15:00', '2023-05-20', 1424, 76.00, 723),
(22323522, '20:15:00', '2023-05-21', 1424, 76.00, 723),
(22323523, '20:15:00', '2023-05-22', 1424, 76.00, 723),
(22323524, '20:15:00', '2023-05-23', 1424, 76.00, 723),
(22323525, '20:15:00', '2023-05-24', 1424, 76.00, 723),
(22323526, '20:15:00', '2023-05-25', 1424, 76.00, 723),
(22323527, '20:15:00', '2023-05-26', 1424, 76.00, 723),
(22323528, '20:15:00', '2023-05-27', 1424, 76.00, 723),
(22323529, '20:15:00', '2023-05-28', 1424, 76.00, 723),
(22323530, '20:15:00', '2023-05-29', 1424, 76.00, 723),
(22323531, '20:15:00', '2023-05-30', 1424, 76.00, 723),
(22323532, '20:15:00', '2023-05-31', 1424, 76.00, 723),
(22423502, '20:30:00', '2023-05-01', 1102, 108.00, 724),
(22423503, '20:30:00', '2023-05-02', 1102, 108.00, 724),
(22423504, '20:30:00', '2023-05-03', 1091, 108.00, 724),
(22423505, '20:30:00', '2023-05-04', 1102, 108.00, 724),
(22423506, '20:30:00', '2023-05-05', 1102, 108.00, 724),
(22423507, '20:30:00', '2023-05-06', 1102, 108.00, 724),
(22423508, '20:30:00', '2023-05-07', 1102, 108.00, 724),
(22423509, '20:30:00', '2023-05-08', 1102, 108.00, 724),
(22423510, '20:30:00', '2023-05-09', 1102, 108.00, 724),
(22423511, '20:30:00', '2023-05-10', 1102, 108.00, 724),
(22423512, '20:30:00', '2023-05-11', 1102, 108.00, 724),
(22423513, '20:30:00', '2023-05-12', 1102, 108.00, 724),
(22423514, '20:30:00', '2023-05-13', 1102, 108.00, 724),
(22423515, '20:30:00', '2023-05-14', 1102, 108.00, 724),
(22423516, '20:30:00', '2023-05-15', 1102, 108.00, 724),
(22423517, '20:30:00', '2023-05-16', 1102, 108.00, 724),
(22423518, '20:30:00', '2023-05-17', 1102, 108.00, 724),
(22423519, '20:30:00', '2023-05-18', 1102, 108.00, 724),
(22423520, '20:30:00', '2023-05-19', 1102, 108.00, 724),
(22423521, '20:30:00', '2023-05-20', 1102, 108.00, 724),
(22423522, '20:30:00', '2023-05-21', 1102, 108.00, 724),
(22423523, '20:30:00', '2023-05-22', 1102, 108.00, 724),
(22423524, '20:30:00', '2023-05-23', 1102, 108.00, 724),
(22423525, '20:30:00', '2023-05-24', 1102, 108.00, 724),
(22423526, '20:30:00', '2023-05-25', 1102, 108.00, 724),
(22423527, '20:30:00', '2023-05-26', 1102, 108.00, 724),
(22423528, '20:30:00', '2023-05-27', 1102, 108.00, 724),
(22423529, '20:30:00', '2023-05-28', 1102, 108.00, 724),
(22423530, '20:30:00', '2023-05-29', 1102, 108.00, 724),
(22423531, '20:30:00', '2023-05-30', 1102, 108.00, 724),
(22423532, '20:30:00', '2023-05-31', 1102, 108.00, 724),
(22523502, '20:15:00', '2023-05-01', 766, 135.00, 725),
(22523503, '20:15:00', '2023-05-02', 766, 135.00, 725),
(22523504, '20:15:00', '2023-05-03', 755, 135.00, 725),
(22523505, '20:15:00', '2023-05-04', 766, 135.00, 725),
(22523506, '20:15:00', '2023-05-05', 766, 135.00, 725),
(22523507, '20:15:00', '2023-05-06', 766, 135.00, 725),
(22523508, '20:15:00', '2023-05-07', 766, 135.00, 725),
(22523509, '20:15:00', '2023-05-08', 766, 135.00, 725),
(22523510, '20:15:00', '2023-05-09', 766, 135.00, 725),
(22523511, '20:15:00', '2023-05-10', 766, 135.00, 725),
(22523512, '20:15:00', '2023-05-11', 766, 135.00, 725),
(22523513, '20:15:00', '2023-05-12', 766, 135.00, 725),
(22523514, '20:15:00', '2023-05-13', 766, 135.00, 725),
(22523515, '20:15:00', '2023-05-14', 766, 135.00, 725),
(22523516, '20:15:00', '2023-05-15', 766, 135.00, 725),
(22523517, '20:15:00', '2023-05-16', 766, 135.00, 725),
(22523518, '20:15:00', '2023-05-17', 766, 135.00, 725),
(22523519, '20:15:00', '2023-05-18', 766, 135.00, 725),
(22523520, '20:15:00', '2023-05-19', 766, 135.00, 725),
(22523521, '20:15:00', '2023-05-20', 766, 135.00, 725),
(22523522, '20:15:00', '2023-05-21', 766, 135.00, 725),
(22523523, '20:15:00', '2023-05-22', 766, 135.00, 725),
(22523524, '20:15:00', '2023-05-23', 766, 135.00, 725),
(22523525, '20:15:00', '2023-05-24', 766, 135.00, 725),
(22523526, '20:15:00', '2023-05-25', 766, 135.00, 725),
(22523527, '20:15:00', '2023-05-26', 766, 135.00, 725),
(22523528, '20:15:00', '2023-05-27', 766, 135.00, 725),
(22523529, '20:15:00', '2023-05-28', 766, 135.00, 725),
(22523530, '20:15:00', '2023-05-29', 766, 135.00, 725),
(22523531, '20:15:00', '2023-05-30', 766, 135.00, 725),
(22523532, '20:15:00', '2023-05-31', 766, 135.00, 725),
(22623502, '20:30:00', '2023-05-01', 1232, 122.00, 726),
(22623503, '20:30:00', '2023-05-02', 1232, 122.00, 726),
(22623504, '20:30:00', '2023-05-03', 1221, 122.00, 726),
(22623505, '20:30:00', '2023-05-04', 1232, 122.00, 726),
(22623506, '20:30:00', '2023-05-05', 1232, 122.00, 726),
(22623507, '20:30:00', '2023-05-06', 1232, 122.00, 726),
(22623508, '20:30:00', '2023-05-07', 1232, 122.00, 726),
(22623509, '20:30:00', '2023-05-08', 1232, 122.00, 726),
(22623510, '20:30:00', '2023-05-09', 1232, 122.00, 726),
(22623511, '20:30:00', '2023-05-10', 1232, 122.00, 726),
(22623512, '20:30:00', '2023-05-11', 1232, 122.00, 726),
(22623513, '20:30:00', '2023-05-12', 1232, 122.00, 726),
(22623514, '20:30:00', '2023-05-13', 1232, 122.00, 726),
(22623515, '20:30:00', '2023-05-14', 1232, 122.00, 726),
(22623516, '20:30:00', '2023-05-15', 1232, 122.00, 726),
(22623517, '20:30:00', '2023-05-16', 1232, 122.00, 726),
(22623518, '20:30:00', '2023-05-17', 1232, 122.00, 726),
(22623519, '20:30:00', '2023-05-18', 1232, 122.00, 726),
(22623520, '20:30:00', '2023-05-19', 1232, 122.00, 726),
(22623521, '20:30:00', '2023-05-20', 1232, 122.00, 726),
(22623522, '20:30:00', '2023-05-21', 1232, 122.00, 726),
(22623523, '20:30:00', '2023-05-22', 1232, 122.00, 726),
(22623524, '20:30:00', '2023-05-23', 1232, 122.00, 726),
(22623525, '20:30:00', '2023-05-24', 1232, 122.00, 726),
(22623526, '20:30:00', '2023-05-25', 1232, 122.00, 726),
(22623527, '20:30:00', '2023-05-26', 1232, 122.00, 726),
(22623528, '20:30:00', '2023-05-27', 1232, 122.00, 726),
(22623529, '20:30:00', '2023-05-28', 1232, 122.00, 726),
(22623530, '20:30:00', '2023-05-29', 1232, 122.00, 726),
(22623531, '20:30:00', '2023-05-30', 1232, 122.00, 726),
(22623532, '20:30:00', '2023-05-31', 1232, 122.00, 726);

--
-- Indexes for dumped tables
--

--
-- Indexes for table `cast_and_crew`
--
ALTER TABLE `cast_and_crew`
  ADD PRIMARY KEY (`SSN`);

--
-- Indexes for table `shows`
--
ALTER TABLE `shows`
  ADD PRIMARY KEY (`Show_ID`);

--
-- Indexes for table `theater`
--
ALTER TABLE `theater`
  ADD PRIMARY KEY (`Theater_ID`);

--
-- Indexes for table `ticket_sale`
--
ALTER TABLE `ticket_sale`
  ADD PRIMARY KEY (`Ticket_Sale_ID`);
COMMIT;

/*!40101 SET CHARACTER_SET_CLIENT=@OLD_CHARACTER_SET_CLIENT */;
/*!40101 SET CHARACTER_SET_RESULTS=@OLD_CHARACTER_SET_RESULTS */;
/*!40101 SET COLLATION_CONNECTION=@OLD_COLLATION_CONNECTION */;
